{
"type": "FeatureCollection",
"name": "ne_rivers_eastasia",
"crs": { "type": "name", "properties": { "name": "urn:ogc:def:crs:OGC:1.3:CRS84" } },
"features": [
{ "type": "Feature", "properties": { "dissolve": "214River", "scalerank": 6, "featurecla": "River", "name": "Ishikari", "name_alt": null, "rivernum": 214, "note": null, "min_zoom": 5.0, "name_en": "Ishikari", "min_label": 6.0, "ne_id": 1159113981, "label": "Ishikari", "wikidataid": "Q1061515", "name_ar": "نهر إشيكاري", "name_bn": "ইশিকারি", "name_de": "Ishikari", "name_es": "Ishikari", "name_fr": "Ishikari-gawa", "name_el": "Ισικάρι", "name_hi": "इशिकारी", "name_hu": "Isikari", "name_id": "Ishikari", "name_it": "Ishikari", "name_ja": "石狩川", "name_ko": "이시카리강", "name_nl": "Ishikari", "name_pl": "Ishikari", "name_pt": "Ishikari", "name_ru": "Исикари", "name_sv": "Ishikari", "name_tr": "Ishikari", "name_vi": "Sông Ishikari", "name_zh": "石狩川", "name_fa": "رود ایشیکاری", "name_he": "אישיקארי", "name_uk": "Ісікарі", "name_ur": "ایشیکاری", "name_zht": "石狩川" }, "geometry": { "type": "LineString", "coordinates": [ [ 143.06591796875, 43.69953034061912 ], [ 143.05224609375, 43.708758856244117 ], [ 142.983007812500034, 43.739764715619117 ], [ 142.944042968750011, 43.74933502811912 ], [ 142.927978515625, 43.75861237186912 ], [ 142.916796875000045, 43.77191803593162 ], [ 142.899658203125, 43.798358465619117 ], [ 142.884521484375, 43.80963776249412 ], [ 142.865234375, 43.81732819218162 ], [ 142.80810546875, 43.825213934369117 ], [ 142.789257812500011, 43.83026764530662 ], [ 142.709082031250034, 43.869012762494116 ], [ 142.677978515625, 43.89594147343162 ], [ 142.66796875, 43.900653387494117 ], [ 142.643847656250045, 43.90485260624412 ], [ 142.619335937500011, 43.902704168744116 ], [ 142.5244140625, 43.877069403119116 ], [ 142.4833984375, 43.855975653119117 ], [ 142.373437500000023, 43.77277252811912 ], [ 142.3525390625, 43.763788153119116 ], [ 142.315039062500034, 43.772577215619116 ], [ 142.29248046875, 43.765399481244117 ], [ 142.214111328125, 43.723993231244116 ], [ 142.172753906250023, 43.71063873905662 ], [ 142.083984375, 43.696405340619116 ], [ 142.073974609375, 43.69708893436912 ], [ 142.064697265625, 43.69928619999412 ], [ 142.0546875, 43.70001862186912 ], [ 142.04248046875, 43.696405340619116 ], [ 142.030371093750034, 43.688104559369116 ], [ 142.024658203125, 43.68121979374412 ], [ 142.017578125, 43.67645905155662 ], [ 141.98125, 43.670917059369117 ], [ 141.959863281250023, 43.66120026249412 ], [ 141.902734375000023, 43.620721746869116 ], [ 141.892187500000034, 43.60956452030662 ], [ 141.886816406250034, 43.594354559369116 ], [ 141.885351562500034, 43.56915924686912 ], [ 141.888769531250034, 43.54889557499412 ], [ 141.900976562500034, 43.51044342655662 ], [ 141.899023437500034, 43.48969147343162 ], [ 141.893310546875, 43.479999090619117 ], [ 141.886962890625, 43.47858307499412 ], [ 141.8798828125, 43.47797272343162 ], [ 141.871777343750011, 43.470477606244117 ], [ 141.870019531250023, 43.46027252811912 ], [ 141.87060546875, 43.446161199994116 ], [ 141.868896484375, 43.43366119999412 ], [ 141.861083984375, 43.42829010624412 ], [ 141.852294921875, 43.425067449994117 ], [ 141.84228515625, 43.41718170780662 ], [ 141.833984375, 43.40729401249412 ], [ 141.825781250000034, 43.38678619999412 ], [ 141.81396484375, 43.38068268436912 ], [ 141.789160156250034, 43.37360260624412 ], [ 141.781835937500034, 43.367694403119117 ], [ 141.76806640625, 43.351434637494116 ], [ 141.761962890625, 43.34638092655662 ], [ 141.750585937500034, 43.34320709843162 ], [ 141.728271484375, 43.34149811405662 ], [ 141.676855468750034, 43.31024811405662 ], [ 141.659423828125, 43.295917059369117 ], [ 141.652148437500045, 43.27802155155662 ], [ 141.654541015625, 43.252704168744117 ], [ 141.658935546875, 43.23615143436912 ], [ 141.657617187500023, 43.22077057499412 ], [ 141.629296875000023, 43.18036530155662 ], [ 141.61083984375, 43.142206121869116 ], [ 141.597363281250011, 43.12726471561912 ], [ 141.561132812500034, 43.11615631718162 ], [ 141.518652343750034, 43.12262604374412 ], [ 141.4775390625, 43.13812897343162 ], [ 141.420312500000023, 43.16791412968162 ], [ 141.411718750000034, 43.17499420780662 ], [ 141.40673828125, 43.18219635624412 ], [ 141.401464843750034, 43.19696686405662 ], [ 141.398046875000034, 43.20233795780662 ], [ 141.370019531250023, 43.218133856244116 ], [ 141.359765625000023, 43.22968170780662 ], [ 141.357617187500011, 43.237909246869116 ] ] } },
{ "type": "Feature", "properties": { "dissolve": "473River", "scalerank": 7, "featurecla": "River", "name": "Min", "name_alt": null, "rivernum": 473, "note": null, "min_zoom": 6.0, "name_en": "Min", "min_label": 7.0, "ne_id": 1159121077, "label": "Min", "wikidataid": "Q976458", "name_ar": "مين", "name_bn": "মিন", "name_de": "Min-Fluss", "name_es": "Min", "name_fr": "Min", "name_el": "Ελάχ", "name_hi": "मिन", "name_hu": "Min", "name_id": "Min", "name_it": "Min", "name_ja": "閩江", "name_ko": "민강", "name_nl": "Min", "name_pl": "Min", "name_pt": "Min", "name_ru": "Миньцзян", "name_sv": "Minfloden", "name_tr": "Min Irmağı", "name_vi": "Mân", "name_zh": "闽江", "name_fa": "رود مین", "name_he": "האי מינהמיטורי-שימה", "name_uk": "Мін", "name_ur": "من", "name_zht": "閩江" }, "geometry": { "type": "MultiLineString", "coordinates": [ [ [ 118.0, 26.711523748822241 ], [ 118.001708984375, 26.707635809369116 ], [ 118.003173828125, 26.69452545780662 ], [ 118.0, 26.685373855656664 ] ], [ [ 118.0, 26.613840468967332 ], [ 118.013427734375, 26.59577057499412 ], [ 118.013671875, 26.591424871869116 ], [ 118.071533203125, 26.58685944218162 ], [ 118.092480468750011, 26.591424871869116 ], [ 118.108300781250023, 26.600116278119117 ], [ 118.143457031250023, 26.62824127811912 ], [ 118.15771484375, 26.64264557499412 ], [ 118.166259765625, 26.63800690311912 ], [ 118.236523437500011, 26.625604559369116 ], [ 118.245361328125, 26.619501043744116 ], [ 118.257519531250011, 26.60455963749412 ], [ 118.264404296875, 26.598260809369116 ], [ 118.294677734375, 26.58551666874412 ], [ 118.31005859375, 26.575946356244117 ], [ 118.3291015625, 26.569598699994117 ], [ 118.332763671875, 26.56500885624412 ], [ 118.3369140625, 26.55841705936912 ], [ 118.358300781250023, 26.55255768436912 ], [ 118.366796875000034, 26.547626043744117 ], [ 118.37060546875, 26.53986237186912 ], [ 118.376708984375, 26.51666901249412 ], [ 118.380468750000034, 26.50726959843162 ], [ 118.398339843750023, 26.487665106244116 ], [ 118.401123046875, 26.48273346561912 ], [ 118.403710937500023, 26.479364324994116 ], [ 118.408300781250034, 26.468866278119116 ], [ 118.410253906250034, 26.45783112186912 ], [ 118.40478515625, 26.452655340619117 ], [ 118.3994140625, 26.44891998905662 ], [ 118.392480468750023, 26.439813543744116 ], [ 118.387304687500034, 26.428485418744117 ], [ 118.387304687500034, 26.41791412968162 ], [ 118.408789062500034, 26.404071356244117 ], [ 118.44677734375, 26.40265534061912 ], [ 118.657958984375, 26.41791412968162 ], [ 118.671777343750023, 26.40936920780662 ], [ 118.668554687500034, 26.371844793744117 ], [ 118.67822265625, 26.363299871869117 ], [ 118.692773437500023, 26.36273834843162 ], [ 118.703857421875, 26.36029694218162 ], [ 118.714257812500023, 26.354999090619117 ], [ 118.726171875000034, 26.34589264530662 ], [ 118.7548828125, 26.317889715619117 ], [ 118.7705078125, 26.30646393436912 ], [ 118.799707031250023, 26.299188543744116 ], [ 118.840429687500034, 26.28351471561912 ], [ 118.853515625, 26.27387116093162 ], [ 118.842041015625, 26.24872467655662 ], [ 118.84912109375, 26.231952215619117 ], [ 118.866943359375, 26.22077057499412 ], [ 118.8876953125, 26.21246979374412 ], [ 118.898193359375, 26.21906159061912 ], [ 118.9125, 26.21967194218162 ], [ 118.942285156250023, 26.21246979374412 ], [ 118.959716796875, 26.200311590619116 ], [ 118.966796875, 26.19818756718162 ], [ 118.99375, 26.194208074994116 ], [ 119.0009765625, 26.19550202030662 ], [ 119.015722656250034, 26.20062897343162 ], [ 119.024804687500023, 26.201044012494116 ], [ 119.032470703125, 26.19830963749412 ], [ 119.044531250000034, 26.188836981244116 ], [ 119.057373046875, 26.181170965619117 ], [ 119.078857421875, 26.15448639530662 ], [ 119.09375, 26.14581940311912 ] ] ] } },
{ "type": "Feature", "properties": { "dissolve": "886River", "scalerank": 8, "featurecla": "River", "name": "Ou", "name_alt": null, "rivernum": 886, "note": null, "min_zoom": 7.0, "name_en": "Ou", "min_label": 8.0, "ne_id": 1159128375, "label": "Ou", "wikidataid": "Q713020", "name_ar": "أوي", "name_bn": "ওউ", "name_de": "Ou", "name_es": "Ou", "name_fr": "Ou", "name_el": "Ου", "name_hi": "ओऊ", "name_hu": "Ou", "name_id": "Ou", "name_it": "Ou", "name_ja": "オウ川", "name_ko": "오우", "name_nl": "Ou", "name_pl": "Ou", "name_pt": "Ou", "name_ru": "Оуцзян", "name_sv": "Ou", "name_tr": "Ou", "name_vi": "Sông Ou", "name_zh": "瓯江", "name_fa": "او", "name_he": "או", "name_uk": "Оу", "name_ur": "او", "name_zht": "甌江" }, "geometry": { "type": "LineString", "coordinates": [ [ 119.041113281250034, 27.788202215619116 ], [ 119.000097656250034, 27.794305731244116 ], [ 118.974511718750023, 27.81879303593162 ], [ 118.9677734375, 27.85358307499412 ], [ 118.983789062500023, 27.890497137494116 ], [ 119.067480468750034, 27.990497137494117 ], [ 119.097363281250011, 28.04730866093162 ], [ 119.1123046875, 28.06220123905662 ], [ 119.127343750000023, 28.06940338749412 ], [ 119.17431640625, 28.079461981244116 ], [ 119.19091796875, 28.091083074994117 ], [ 119.22021484375, 28.121698309369116 ], [ 119.23876953125, 28.13092682499412 ], [ 119.277148437499989, 28.13007233280662 ], [ 119.355224609375, 28.106708074994117 ], [ 119.392675781250034, 28.107196356244117 ], [ 119.402148437499989, 28.111200262494116 ], [ 119.41064453125, 28.117206121869117 ], [ 119.474316406250011, 28.18231842655662 ], [ 119.501367187500023, 28.20270416874412 ], [ 119.533789062500034, 28.21381256718162 ], [ 119.549560546875, 28.21344635624412 ], [ 119.59130859375, 28.201434637494117 ], [ 119.613037109375, 28.204950262494116 ], [ 119.629785156250023, 28.217303778119117 ], [ 119.658105468750023, 28.24982330936912 ], [ 119.75244140625, 28.32074616093162 ], [ 119.772656250000011, 28.340448309369116 ], [ 119.83203125, 28.42853424686912 ], [ 119.848730468750034, 28.44110748905662 ], [ 119.868359375000011, 28.44476959843162 ], [ 119.891503906250023, 28.43720123905662 ], [ 119.915283203125, 28.41510651249412 ], [ 119.93896484375, 28.36115143436912 ], [ 119.95849609375, 28.33844635624412 ], [ 119.97607421875, 28.330682684369116 ], [ 120.033789062500034, 28.32746002811912 ], [ 120.06591796875, 28.31976959843162 ], [ 120.096093750000023, 28.30646393436912 ], [ 120.10625, 28.29767487186912 ], [ 120.123144531250034, 28.274432684369117 ], [ 120.133203125000023, 28.266620184369117 ], [ 120.146240234375, 28.262811590619116 ], [ 120.157958984375, 28.261346746869116 ], [ 120.169677734375, 28.258661199994116 ], [ 120.182226562500034, 28.25116608280662 ], [ 120.192138671875, 28.242059637494116 ], [ 120.198828125000034, 28.233172918744117 ], [ 120.214746093750023, 28.20209381718162 ], [ 120.220458984375, 28.19464752811912 ], [ 120.233642578125, 28.18292877811912 ], [ 120.26611328125, 28.156610418744116 ], [ 120.276562500000011, 28.14996979374412 ], [ 120.28955078125, 28.14496491093162 ], [ 120.318115234375, 28.14069244999412 ], [ 120.33349609375, 28.14093659061912 ], [ 120.3466796875, 28.14374420780662 ], [ 120.379199218749989, 28.160174871869117 ], [ 120.391699218750034, 28.16181061405662 ], [ 120.404394531250034, 28.15924713749412 ], [ 120.443359375, 28.14350006718162 ], [ 120.460156250000011, 28.14105866093162 ], [ 120.511621093750023, 28.141229559369116 ], [ 120.5263671875, 28.138055731244116 ], [ 120.569580078125, 28.113397528119116 ] ] } },
{ "type": "Feature", "properties": { "dissolve": "385Lake Centerline", "scalerank": 7, "featurecla": "Lake Centerline", "name": "Fuchun", "name_alt": null, "rivernum": 385, "note": null, "min_zoom": 6.0, "name_en": "Fuchun", "min_label": 7.0, "ne_id": 1159118575, "label": "Fuchun", "wikidataid": null, "name_ar": "فوشون", "name_bn": "ফুচুন", "name_de": "Qiandao-See", "name_es": "Fuchun", "name_fr": "Fuchun", "name_el": "Φουτσούν", "name_hi": "फुचुन", "name_hu": "Fuchun", "name_id": "Fuchun", "name_it": "Fuchun", "name_ja": "富春江水庫", "name_ko": "푸춘", "name_nl": "Fuchun", "name_pl": "Fuchun", "name_pt": "Fuchun", "name_ru": "Фучун", "name_sv": "Fuchun", "name_tr": "Fuchun", "name_vi": "Fuchun", "name_zh": "富春江", "name_fa": "فوچون", "name_he": "פוצ'ון", "name_uk": "Фучунь", "name_ur": "فیوچن", "name_zht": "富春湖" }, "geometry": { "type": "LineString", "coordinates": [ [ 118.7177734375, 29.726336981244117 ], [ 118.7373046875, 29.720965887494117 ], [ 118.759521484375, 29.705194403119116 ], [ 118.783935546875, 29.69367096561912 ], [ 118.805908203125, 29.68207428593162 ], [ 118.831445312500023, 29.67194244999412 ], [ 118.855566406250034, 29.660516668744116 ], [ 118.875683593750011, 29.65680573124412 ], [ 118.897070312500034, 29.65558502811912 ], [ 118.91796875, 29.64398834843162 ], [ 118.940039062500034, 29.61749909061912 ], [ 118.974609375, 29.58856842655662 ], [ 119.077392578125, 29.538104559369117 ], [ 119.103515625, 29.52667877811912 ], [ 119.152148437499989, 29.51569244999412 ], [ 119.1767578125, 29.51117584843162 ], [ 119.195556640625, 29.50372955936912 ] ] } },
{ "type": "Feature", "properties": { "dissolve": "385River", "scalerank": 7, "featurecla": "River", "name": "Fuchun", "name_alt": null, "rivernum": 385, "note": null, "min_zoom": 6.0, "name_en": "Fuchun", "min_label": 7.0, "ne_id": 1159118587, "label": "Fuchun", "wikidataid": null, "name_ar": "فوشون", "name_bn": "ফুচুন", "name_de": "Fuchunjiang", "name_es": "Fuchun", "name_fr": "Fuchun River", "name_el": "Φουτσούν", "name_hi": "फुचुन", "name_hu": "Fuchun", "name_id": "Fuchun", "name_it": "Fuchun", "name_ja": "富春江", "name_ko": "푸춘", "name_nl": "Fuchun", "name_pl": "Fuchun", "name_pt": "Fuchun", "name_ru": "река Фучун", "name_sv": "Fuchun", "name_tr": "Fuchun", "name_vi": "Sông Phú Xuân", "name_zh": "富春江", "name_fa": "فوچون", "name_he": "פוּצ'וּן", "name_uk": "Фучунь", "name_ur": "فیوچن", "name_zht": "富春河" }, "geometry": { "type": "MultiLineString", "coordinates": [ [ [ 118.0, 29.674179388470673 ], [ 118.007714843750023, 29.67731354374412 ], [ 118.030175781250023, 29.69440338749412 ], [ 118.035839843750011, 29.697626043744116 ], [ 118.041796874999989, 29.69940827030662 ], [ 118.047949218750034, 29.69916412968162 ], [ 118.0546875, 29.69647858280662 ], [ 118.065527343750034, 29.682001043744116 ], [ 118.07275390625, 29.66193268436912 ], [ 118.081347656249989, 29.645624090619116 ], [ 118.095898437500011, 29.642206121869116 ], [ 118.121337890625, 29.64472077030662 ], [ 118.159570312500023, 29.63397858280662 ], [ 118.183837890625, 29.63898346561912 ], [ 118.274804687500023, 29.682977606244116 ], [ 118.302001953125, 29.70062897343162 ], [ 118.350488281250023, 29.74518463749412 ], [ 118.376953125, 29.76141998905662 ], [ 118.404882812500034, 29.763690496869117 ], [ 118.425976562500011, 29.74994537968162 ], [ 118.462158203125, 29.709100653119116 ], [ 118.469482421875, 29.70490143436912 ], [ 118.498144531250034, 29.69293854374412 ], [ 118.5302734375, 29.683856512494117 ], [ 118.55810546875, 29.68768952030662 ], [ 118.615625, 29.711688543744117 ], [ 118.666015625, 29.72553131718162 ], [ 118.691992187500034, 29.72821686405662 ], [ 118.7177734375, 29.726336981244117 ] ], [ [ 119.195556640625, 29.50372955936912 ], [ 119.238671875000023, 29.479999090619117 ], [ 119.274023437500034, 29.489618231244116 ], [ 119.30810546875, 29.509881903119116 ], [ 119.346923828125, 29.51801178593162 ], [ 119.347558593750023, 29.51593659061912 ], [ 119.350195312500034, 29.511249090619117 ], [ 119.354736328125, 29.506366278119117 ], [ 119.360595703125, 29.50372955936912 ], [ 119.366113281250023, 29.50421784061912 ], [ 119.416015625, 29.52655670780662 ], [ 119.422119140625, 29.527948309369116 ], [ 119.433496093750023, 29.532001043744117 ], [ 119.504492187500034, 29.538446356244116 ], [ 119.534912109375, 29.555926824994117 ], [ 119.568945312500034, 29.584491278119117 ], [ 119.599707031250034, 29.617206121869117 ], [ 119.62060546875, 29.647088934369116 ], [ 119.655517578125, 29.770038153119117 ], [ 119.67529296875, 29.80536530155662 ], [ 119.751074218750034, 29.869989324994116 ], [ 119.768457031250023, 29.87250397343162 ], [ 119.786376953125, 29.872919012494116 ], [ 119.8056640625, 29.879901434369117 ], [ 119.822998046875, 29.895526434369117 ], [ 119.86376953125, 29.95246002811912 ], [ 119.8720703125, 29.959100653119116 ], [ 119.890527343750023, 29.967645574994116 ], [ 119.8984375, 29.973260809369116 ], [ 119.908105468750023, 29.98419830936912 ], [ 119.92919921875, 30.01764557499412 ], [ 119.9453125, 30.03754303593162 ], [ 119.959863281250023, 30.04511139530662 ], [ 120.025781250000023, 30.046893621869117 ], [ 120.04541015625, 30.051874090619116 ], [ 120.122802734375, 30.08283112186912 ], [ 120.140380859375, 30.09345123905662 ], [ 120.158789062500034, 30.110467840619116 ], [ 120.16015625, 30.12494537968162 ], [ 120.128808593750023, 30.15326569218162 ], [ 120.120996093750023, 30.16852448124412 ], [ 120.122949218750023, 30.18024323124412 ], [ 120.128027343750034, 30.18927643436912 ], [ 120.136621093750023, 30.194696356244116 ], [ 120.14892578125, 30.195819403119117 ] ] ] } },
{ "type": "Feature", "properties": { "dissolve": "1River", "scalerank": 1, "featurecla": "River", "name": "Yangtze", "name_alt": null, "rivernum": 1, "note": null, "min_zoom": 2.0, "name_en": "Yangtze", "min_label": 3.0, "ne_id": 1159113707, "label": "Yangtze", "wikidataid": "Q5413", "name_ar": "يانغتسي", "name_bn": "ছাং চিয়াং নদী", "name_de": "Jangtsekiang", "name_es": "Yangtsé", "name_fr": "Yangzi", "name_el": "Γιανγκτσέ", "name_hi": "यांग्त्सीक्यांग", "name_hu": "Jangce", "name_id": "Panjang", "name_it": "Fiume Azzurro", "name_ja": "長江", "name_ko": "창 강", "name_nl": "Jangtsekiang", "name_pl": "Jangcy", "name_pt": "Yangtzé", "name_ru": "Янцзы", "name_sv": "Yangtze", "name_tr": "Yangtze", "name_vi": "Trường Giang", "name_zh": "长江", "name_fa": "رود یانگتسه", "name_he": "יאנגצה", "name_uk": "Янцзи", "name_ur": "دریائے یانگزے", "name_zht": "長江" }, "geometry": { "type": "LineString", "coordinates": [ [ 118.0, 31.217934104823637 ], [ 118.002343750000023, 31.223260809369116 ], [ 118.01416015625, 31.23761627811912 ], [ 118.02783203125, 31.243670965619117 ], [ 118.040429687500023, 31.23334381718162 ], [ 118.060546875, 31.23322174686912 ], [ 118.112695312500023, 31.25250885624412 ], [ 118.155957031250011, 31.259149481244116 ], [ 118.173828125, 31.265887762494117 ], [ 118.210058593750034, 31.28778717655662 ], [ 118.220117187500023, 31.291131903119116 ], [ 118.296630859375, 31.297381903119117 ], [ 118.30615234375, 31.300409246869116 ], [ 118.315136718750011, 31.30805084843162 ], [ 118.3212890625, 31.320819403119117 ], [ 118.324462890625, 31.33832428593162 ], [ 118.325439453125, 31.35639069218162 ], [ 118.324462890625, 31.37103912968162 ], [ 118.322363281250034, 31.383172918744116 ], [ 118.318603515625, 31.39496491093162 ], [ 118.3154296875, 31.40082428593162 ], [ 118.304882812500011, 31.41644928593162 ], [ 118.3017578125, 31.42780182499412 ], [ 118.302148437500023, 31.438348699994116 ], [ 118.30517578125, 31.44879791874412 ], [ 118.309814453125, 31.460077215619116 ], [ 118.316015625000034, 31.471307684369116 ], [ 118.347949218749989, 31.507586981244117 ], [ 118.379638671875, 31.556170965619117 ], [ 118.40380859375, 31.62323639530662 ], [ 118.4150390625, 31.69977448124412 ], [ 118.426171875000023, 31.724481512494116 ], [ 118.447998046875, 31.75641510624412 ], [ 118.498632812500034, 31.85126373905662 ], [ 118.504785156250023, 31.85919830936912 ], [ 118.534765625000034, 31.88446686405662 ], [ 118.54052734375, 31.892450262494116 ], [ 118.553320312500034, 31.916278387494117 ], [ 118.586328125000023, 31.949579168744116 ], [ 118.614843750000034, 31.990008856244117 ], [ 118.645898437500023, 32.01618073124412 ], [ 118.658398437500011, 32.03058502811912 ], [ 118.6689453125, 32.03949616093162 ], [ 118.689453125, 32.06244537968162 ], [ 118.706347656249989, 32.093377996869116 ], [ 118.734082031250011, 32.124872137494116 ], [ 118.747460937500023, 32.147235418744117 ], [ 118.758496093750011, 32.161004949994116 ], [ 118.759521484375, 32.16290924686912 ], [ 118.761474609375, 32.16803619999412 ], [ 118.7646484375, 32.17450592655662 ], [ 118.76904296875, 32.18121979374412 ], [ 118.774316406250023, 32.18707916874412 ], [ 118.7802734375, 32.19110748905662 ], [ 118.786523437500023, 32.19269440311912 ], [ 118.793212890625, 32.19281647343162 ], [ 118.820410156250034, 32.188983465619117 ], [ 118.883496093750011, 32.173211981244116 ], [ 118.90966796875, 32.17389557499412 ], [ 118.927734375, 32.17682526249412 ], [ 118.96337890625, 32.187762762494117 ], [ 119.02783203125, 32.221307684369116 ], [ 119.078710937500034, 32.23273346561912 ], [ 119.129199218749989, 32.228534246869117 ], [ 119.229394531250023, 32.202655340619117 ], [ 119.252197265625, 32.20001862186912 ], [ 119.2783203125, 32.201288153119116 ], [ 119.3037109375, 32.206170965619116 ], [ 119.324462890625, 32.214618231244117 ], [ 119.34619140625, 32.22675202030662 ], [ 119.365332031250034, 32.234393621869117 ], [ 119.3857421875, 32.237420965619116 ], [ 119.452539062500023, 32.23346588749412 ], [ 119.504785156250023, 32.239520574994117 ], [ 119.517333984375, 32.238055731244117 ], [ 119.530371093750034, 32.231708074994117 ], [ 119.5400390625, 32.22211334843162 ], [ 119.557373046875, 32.20014069218162 ], [ 119.572363281250034, 32.191766668744116 ], [ 119.587792968750023, 32.19245026249412 ], [ 119.606347656250023, 32.196893621869116 ] ] } },
{ "type": "Feature", "properties": { "dissolve": "582River", "scalerank": 7, "featurecla": "River", "name": null, "name_alt": null, "rivernum": 582, "note": null, "min_zoom": 6.0, "name_en": null, "min_label": 7.0, "ne_id": 1159123017, "label": null, "wikidataid": null, "name_ar": null, "name_bn": null, "name_de": null, "name_es": null, "name_fr": null, "name_el": null, "name_hi": null, "name_hu": null, "name_id": null, "name_it": null, "name_ja": null, "name_ko": null, "name_nl": null, "name_pl": null, "name_pt": null, "name_ru": null, "name_sv": null, "name_tr": null, "name_vi": null, "name_zh": null, "name_fa": null, "name_he": null, "name_uk": null, "name_ur": null, "name_zht": null }, "geometry": { "type": "LineString", "coordinates": [ [ 121.511816406250034, 31.38812897343162 ], [ 121.501855468750023, 31.37811920780662 ], [ 121.50048828125, 31.36981842655662 ], [ 121.5048828125, 31.36212799686912 ], [ 121.511816406250034, 31.354022528119117 ], [ 121.544042968750034, 31.32538483280662 ], [ 121.5556640625, 31.30853912968162 ], [ 121.560302734375, 31.28168366093162 ], [ 121.551367187500034, 31.265155340619117 ], [ 121.53076171875, 31.25372955936912 ], [ 121.5078125, 31.24689362186912 ], [ 121.492089843750023, 31.244159246869117 ], [ 121.444580078125, 31.247674871869116 ], [ 121.424560546875, 31.24603912968162 ], [ 121.40673828125, 31.21906159061912 ], [ 121.384521484375, 31.218768621869117 ], [ 121.340576171875, 31.230487371869117 ], [ 121.302734375, 31.23383209843162 ], [ 121.282128906250023, 31.24017975468162 ], [ 121.26171875, 31.25470612186912 ], [ 121.243359375000011, 31.264178778119117 ], [ 121.224853515625, 31.261737371869117 ], [ 121.205078125, 31.25653717655662 ], [ 121.182861328125, 31.257831121869117 ], [ 121.177636718750023, 31.262079168744116 ], [ 121.172265625000023, 31.26898834843162 ], [ 121.16455078125, 31.27545807499412 ], [ 121.152246093750023, 31.27826569218162 ], [ 121.054882812500011, 31.27496979374412 ], [ 121.03271484375, 31.27826569218162 ], [ 121.036816406250011, 31.28644440311912 ], [ 121.038818359375, 31.29462311405662 ], [ 121.038964843750023, 31.31305573124412 ], [ 121.019775390625, 31.305194403119117 ], [ 121.005859375, 31.304559637494116 ], [ 120.948974609375, 31.32770416874412 ], [ 120.934472656250023, 31.326044012494116 ], [ 120.90234375, 31.31305573124412 ], [ 120.887939453125, 31.31769440311912 ], [ 120.878662109375, 31.317401434369117 ], [ 120.87451171875, 31.30963776249412 ], [ 120.869335937500011, 31.308954168744116 ], [ 120.84033203125, 31.29254791874412 ], [ 120.80078125, 31.291620184369116 ], [ 120.782324218750034, 31.288934637494116 ], [ 120.771484375, 31.27826569218162 ], [ 120.777929687500034, 31.27741119999412 ], [ 120.79248046875, 31.27142975468162 ], [ 120.769775390625, 31.255243231244116 ], [ 120.749121093750034, 31.232440496869117 ], [ 120.725341796875, 31.212030340619116 ], [ 120.693603515625, 31.20319244999412 ], [ 120.677441406250011, 31.201288153119116 ], [ 120.635839843750034, 31.190057684369116 ], [ 120.621191406250034, 31.18329498905662 ], [ 120.608642578125, 31.17072174686912 ], [ 120.5947265625, 31.14081452030662 ], [ 120.587011718750034, 31.128045965619116 ] ] } },
{ "type": "Feature", "properties": { "dissolve": "955River", "scalerank": 8, "featurecla": "River", "name": null, "name_alt": null, "rivernum": 955, "note": null, "min_zoom": 7.0, "name_en": null, "min_label": 8.0, "ne_id": 1159128867, "label": null, "wikidataid": null, "name_ar": null, "name_bn": null, "name_de": null, "name_es": null, "name_fr": null, "name_el": null, "name_hi": null, "name_hu": null, "name_id": null, "name_it": null, "name_ja": null, "name_ko": null, "name_nl": null, "name_pl": null, "name_pt": null, "name_ru": null, "name_sv": null, "name_tr": null, "name_vi": null, "name_zh": null, "name_fa": null, "name_he": null, "name_uk": null, "name_ur": null, "name_zht": null }, "geometry": { "type": "LineString", "coordinates": [ [ 118.298583984375, 31.42914459843162 ], [ 118.269775390625, 31.40021393436912 ], [ 118.253173828125, 31.39301178593162 ], [ 118.1474609375, 31.40399811405662 ], [ 118.08642578125, 31.432635809369117 ], [ 118.030957031250011, 31.43854401249412 ], [ 118.0, 31.447519719779621 ] ] } },
{ "type": "Feature", "properties": { "dissolve": "419River", "scalerank": 7, "featurecla": "River", "name": "Hudi", "name_alt": null, "rivernum": 419, "note": null, "min_zoom": 6.0, "name_en": "Hudi", "min_label": 7.0, "ne_id": 1159119875, "label": "Hudi", "wikidataid": null, "name_ar": "هودي", "name_bn": "হুদি", "name_de": "Huai River", "name_es": "Hudi", "name_fr": "Hudi", "name_el": "Χουντί", "name_hi": "हुडी", "name_hu": "Hudi", "name_id": "Hudi", "name_it": "Hudi", "name_ja": "フディ川", "name_ko": "후디", "name_nl": "Huai", "name_pl": "Hudi", "name_pt": "Hudi", "name_ru": "река Хуайхэ", "name_sv": "Hudi", "name_tr": "Hudi", "name_vi": "Sông Hudi", "name_zh": "胡迪河", "name_fa": "هودی", "name_he": "הודי", "name_uk": "Худі", "name_ur": "ہودی", "name_zht": "胡第河" }, "geometry": { "type": "MultiLineString", "coordinates": [ [ [ 118.845898437500011, 33.09503815311912 ], [ 118.74365234375, 33.09503815311912 ] ], [ [ 119.2841796875, 32.718280340619117 ], [ 119.300976562500011, 32.66730377811912 ], [ 119.306738281250034, 32.66156647343162 ], [ 119.314160156250011, 32.65766022343162 ], [ 119.322509765625, 32.654657293744116 ], [ 119.3310546875, 32.652850653119117 ], [ 119.33935546875, 32.65253327030662 ], [ 119.36669921875, 32.65692780155662 ], [ 119.376074218750034, 32.656268621869117 ], [ 119.38916015625, 32.65277741093162 ], [ 119.402929687500034, 32.64691803593162 ], [ 119.415429687500023, 32.63873932499412 ], [ 119.423583984375, 32.62836334843162 ], [ 119.42578125, 32.621698309369116 ], [ 119.429589843750023, 32.600702215619116 ], [ 119.434179687500034, 32.588641668744117 ], [ 119.4404296875, 32.57733795780662 ], [ 119.467041015625, 32.545526434369116 ], [ 119.4716796875, 32.53204987186912 ], [ 119.471435546875, 32.51764557499412 ], [ 119.467675781250023, 32.48908112186912 ], [ 119.470458984375, 32.47540924686912 ], [ 119.478759765625, 32.456903387494116 ], [ 119.503320312500023, 32.42438385624412 ], [ 119.51025390625, 32.41095612186912 ], [ 119.51220703125, 32.403924871869116 ], [ 119.5125, 32.396600653119116 ], [ 119.509033203125, 32.374774481244117 ], [ 119.509521484375, 32.36810944218162 ], [ 119.511132812500023, 32.36127350468162 ], [ 119.514062500000023, 32.35504791874412 ], [ 119.518847656249989, 32.35053131718162 ], [ 119.525781250000023, 32.34821198124412 ], [ 119.533789062500034, 32.34760162968162 ], [ 119.59130859375, 32.35797760624412 ], [ 119.601660156250034, 32.358172918744117 ], [ 119.6162109375, 32.35394928593162 ] ] ] } },
{ "type": "Feature", "properties": { "dissolve": "419Lake Centerline", "scalerank": 7, "featurecla": "Lake Centerline", "name": "Hudi", "name_alt": null, "rivernum": 419, "note": null, "min_zoom": 6.0, "name_en": "Hudi", "min_label": 7.0, "ne_id": 1159119859, "label": "Hudi", "wikidataid": null, "name_ar": "هودي", "name_bn": "হুদি", "name_de": "Xiandun Lake", "name_es": "Hudi", "name_fr": "Hudi", "name_el": "Χουντί", "name_hi": "हुडी", "name_hu": "Hudi", "name_id": "Hudi", "name_it": "Hudi", "name_ja": "フディ湖", "name_ko": "후디", "name_nl": "Huai", "name_pl": "Hudi", "name_pt": "Hudi", "name_ru": "Хуайхэ", "name_sv": "Hudi", "name_tr": "Hudi", "name_vi": "Hudi", "name_zh": "胡迪河", "name_fa": "هودی", "name_he": "הודי", "name_uk": "Худі", "name_ur": "ہودی", "name_zht": "胡第湖" }, "geometry": { "type": "MultiLineString", "coordinates": [ [ [ 118.741796875000034, 33.094842840619116 ], [ 118.730224609375, 33.095721746869117 ], [ 118.721289062500034, 33.11456940311912 ], [ 118.719628906250023, 33.16303131718162 ], [ 118.711523437500034, 33.20197174686912 ], [ 118.68701171875, 33.222919012494117 ], [ 118.650976562500034, 33.23432037968162 ], [ 118.59033203125, 33.242792059369116 ], [ 118.559277343750011, 33.22516510624412 ], [ 118.536816406250011, 33.199090887494116 ], [ 118.5234375, 33.16815827030662 ], [ 118.507519531250011, 33.097528387494116 ], [ 118.498779296875, 33.073749090619117 ], [ 118.4677734375, 33.02301666874412 ], [ 118.452392578125, 33.006463934369116 ], [ 118.428417968750011, 32.99201080936912 ], [ 118.388574218750023, 32.97638580936912 ], [ 118.350976562500023, 32.96808502811912 ], [ 118.314160156250011, 32.970965887494117 ], [ 118.2890625, 32.97833893436912 ], [ 118.259667968750023, 32.99884674686912 ], [ 118.25341796875, 33.00482819218162 ], [ 118.248144531250034, 33.013299871869116 ], [ 118.223876953125, 33.07782623905662 ], [ 118.217041015625, 33.10504791874412 ], [ 118.216210937500023, 33.117059637494116 ], [ 118.2177734375, 33.142840887494117 ], [ 118.22021484375, 33.16034577030662 ], [ 118.220458984375, 33.16425202030662 ], [ 118.218994140625, 33.174432684369116 ], [ 118.2177734375, 33.179803778119116 ], [ 118.214453125000034, 33.18659088749412 ], [ 118.208740234375, 33.19391510624412 ], [ 118.196533203125, 33.204852606244117 ], [ 118.185302734375, 33.21015045780662 ], [ 118.177343750000034, 33.21246979374412 ], [ 118.16943359375, 33.213153387494117 ], [ 118.166259765625, 33.212274481244116 ], [ 118.163476562500023, 33.210565496869116 ], [ 118.16015625, 33.20709869999412 ], [ 118.156982421875, 33.196551824994117 ], [ 118.156494140625, 33.18866608280662 ], [ 118.15673828125, 33.18512604374412 ], [ 118.156152343750023, 33.181268621869116 ], [ 118.154541015625, 33.17902252811912 ], [ 118.151123046875, 33.17755768436912 ], [ 118.126855468750023, 33.17340729374412 ], [ 118.07763671875, 33.166766668744117 ], [ 118.061621093750034, 33.16339752811912 ], [ 118.034082031250023, 33.16107819218162 ], [ 118.00390625, 33.161981512494116 ], [ 118.0, 33.162950415680392 ] ], [ [ 118.845898437500011, 33.09503815311912 ], [ 118.860253906250023, 33.094501043744117 ], [ 118.877636718750011, 33.083612371869116 ], [ 118.894775390625, 33.062127996869116 ], [ 118.917089843750034, 33.055438543744117 ], [ 118.944921875000034, 33.06037018436912 ], [ 118.974853515625, 33.056903387494117 ], [ 119.012792968750034, 33.044305731244116 ], [ 119.038183593750034, 33.037127996869117 ], [ 119.05517578125, 33.03888580936912 ], [ 119.100830078125, 33.047479559369116 ], [ 119.119873046875, 33.055438543744117 ], [ 119.133203125000023, 33.063251043744117 ], [ 119.14111328125, 33.07514069218162 ], [ 119.155371093750034, 33.14679596561912 ], [ 119.167871093750023, 33.162469793744116 ], [ 119.185546875, 33.17072174686912 ], [ 119.230712890625, 33.189813543744116 ], [ 119.2509765625, 33.18366119999412 ], [ 119.255859375, 33.16181061405662 ], [ 119.269238281250011, 33.14838287968162 ], [ 119.29375, 33.13678619999412 ], [ 119.308691406250034, 33.118768621869116 ], [ 119.316796875000023, 33.091180731244116 ], [ 119.327050781250023, 33.06671784061912 ], [ 119.3375, 33.05158112186912 ], [ 119.33544921875, 33.034295965619116 ], [ 119.325585937500023, 33.018670965619116 ], [ 119.3115234375, 33.00617096561912 ], [ 119.288818359375, 32.99384186405662 ], [ 119.290429687500023, 32.97516510624412 ], [ 119.3134765625, 32.93976471561912 ], [ 119.327050781250023, 32.89911530155662 ], [ 119.32568359375, 32.87006256718162 ], [ 119.307226562500034, 32.835711981244117 ], [ 119.284570312500023, 32.80121491093162 ], [ 119.277734375000023, 32.77936432499412 ], [ 119.278906250000034, 32.75739166874412 ], [ 119.279199218750023, 32.74701569218162 ], [ 119.2841796875, 32.718280340619117 ] ] ] } },
{ "type": "Feature", "properties": { "dissolve": "1071River", "scalerank": 9, "featurecla": "River", "name": "Yi", "name_alt": null, "rivernum": 1071, "note": null, "min_zoom": 7.1, "name_en": "Yi", "min_label": 8.1, "ne_id": 1159110599, "label": "Yi", "wikidataid": "Q1208580", "name_ar": "يي", "name_bn": "ই", "name_de": "Yi", "name_es": "Yi", "name_fr": "Yi", "name_el": "Γι", "name_hi": "यी", "name_hu": "Yi", "name_id": "Yi", "name_it": "Yi", "name_ja": "伊河", "name_ko": "이", "name_nl": "Yi", "name_pl": "Yi", "name_pt": "Yi", "name_ru": "река И", "name_sv": "Yifloden", "name_tr": "Ying", "name_vi": "Sông Y Hà", "name_zh": "伊河", "name_fa": "یی", "name_he": "יי", "name_uk": "Йі", "name_ur": "یائے", "name_zht": "伊河" }, "geometry": { "type": "LineString", "coordinates": [ [ 118.50341796875, 36.103534246869117 ], [ 118.53173828125, 36.121210028119116 ], [ 118.5478515625, 36.128045965619116 ], [ 118.561718750000011, 36.13080475468162 ], [ 118.570703125000023, 36.126239324994117 ], [ 118.59033203125, 36.104022528119117 ], [ 118.599609375, 36.096063543744116 ], [ 118.5908203125, 36.068622137494117 ], [ 118.606640625000011, 36.059100653119117 ], [ 118.629199218749989, 36.055194403119117 ], [ 118.640625, 36.044549871869116 ], [ 118.649658203125, 36.03583405155662 ], [ 118.70947265625, 36.00665924686912 ], [ 118.739843750000034, 35.98309967655662 ], [ 118.752197265625, 35.968036199994117 ], [ 118.75732421875, 35.948993231244117 ], [ 118.760937500000011, 35.92304108280662 ], [ 118.771240234375, 35.904803778119117 ], [ 118.78662109375, 35.890741278119116 ], [ 118.8251953125, 35.862909246869116 ], [ 118.835351562500023, 35.849383856244117 ], [ 118.839111328125, 35.831805731244117 ], [ 118.83984375, 35.804950262494117 ], [ 118.845898437500011, 35.793231512494117 ], [ 118.859375, 35.783954168744117 ], [ 118.871337890625, 35.77045319218162 ], [ 118.8740234375, 35.745965887494116 ], [ 118.870996093750023, 35.73639557499412 ], [ 118.862597656249989, 35.72223541874412 ], [ 118.8603515625, 35.71246979374412 ], [ 118.860937500000034, 35.702752996869116 ], [ 118.865917968750011, 35.68683502811912 ], [ 118.8681640625, 35.663690496869116 ], [ 118.872802734375, 35.644061590619117 ], [ 118.8740234375, 35.61151764530662 ], [ 118.858496093750034, 35.55768463749412 ], [ 118.853515625, 35.54804108280662 ], [ 118.845312500000034, 35.54218170780662 ], [ 118.833886718750023, 35.53668854374412 ], [ 118.82373046875, 35.52912018436912 ], [ 118.8193359375, 35.516961981244116 ], [ 118.814550781250034, 35.507928778119116 ], [ 118.78466796875, 35.47907135624412 ], [ 118.78173828125, 35.474237371869116 ], [ 118.779687500000023, 35.468036199994117 ], [ 118.778222656250023, 35.46137116093162 ], [ 118.77783203125, 35.455194403119116 ], [ 118.774511718750034, 35.451922918744117 ], [ 118.767578125, 35.45099518436912 ], [ 118.760351562500034, 35.44867584843162 ], [ 118.75732421875, 35.44122955936912 ], [ 118.7529296875, 35.43366119999412 ], [ 118.74365234375, 35.42792389530662 ], [ 118.734277343750023, 35.420428778119117 ], [ 118.72998046875, 35.40741608280662 ], [ 118.728759765625, 35.392450262494116 ], [ 118.725, 35.38434479374412 ], [ 118.70947265625, 35.369891668744117 ], [ 118.678320312500034, 35.33209869999412 ], [ 118.665722656250011, 35.309198309369116 ], [ 118.66796875, 35.29413483280662 ], [ 118.658105468750023, 35.28070709843162 ], [ 118.649316406250023, 35.26056549686912 ], [ 118.64306640625, 35.239276434369117 ], [ 118.640625, 35.22247955936912 ], [ 118.646386718750023, 35.198358465619116 ], [ 118.6474609375, 35.188006903119117 ], [ 118.644775390625, 35.177606512494116 ], [ 118.6162109375, 35.122919012494116 ], [ 118.575439453125, 35.07160065311912 ], [ 118.566699218749989, 35.066424871869117 ], [ 118.556396484375, 35.063592840619116 ], [ 118.5478515625, 35.05963776249412 ], [ 118.54248046875, 35.045428778119117 ], [ 118.537841796875, 35.042596746869116 ], [ 118.532128906250023, 35.040790106244117 ], [ 118.52734375, 35.03778717655662 ], [ 118.5234375, 35.03034088749412 ], [ 118.525097656250011, 35.024530340619116 ], [ 118.528710937500023, 35.01923248905662 ], [ 118.53076171875, 35.013544012494116 ], [ 118.53759765625, 34.84906647343162 ], [ 118.53515625, 34.84027741093162 ], [ 118.53173828125, 34.832879949994116 ], [ 118.529394531250034, 34.82514069218162 ], [ 118.53076171875, 34.81500885624412 ], [ 118.53662109375, 34.807489324994116 ], [ 118.554296875000034, 34.797479559369116 ], [ 118.567578125000011, 34.77081940311912 ], [ 118.590576171875, 34.767352606244117 ], [ 118.640625, 34.77338287968162 ], [ 118.661376953125, 34.761981512494117 ], [ 118.66796875, 34.75971100468162 ], [ 118.6708984375, 34.76068756718162 ], [ 118.68017578125, 34.76544830936912 ], [ 118.684960937500023, 34.76654694218162 ], [ 118.78466796875, 34.76654694218162 ], [ 118.800537109375, 34.76972077030662 ], [ 118.81875, 34.768915106244116 ], [ 118.837158203125, 34.765252996869116 ], [ 118.85888671875, 34.75739166874412 ], [ 118.863476562500011, 34.754754949994116 ], [ 118.868261718750034, 34.75128815311912 ], [ 118.8740234375, 34.74603912968162 ], [ 118.878173828125, 34.739520574994117 ], [ 118.8876953125, 34.718133856244116 ], [ 118.91162109375, 34.707147528119116 ], [ 118.9404296875, 34.70123932499412 ], [ 119.016992187500023, 34.697870184369116 ], [ 119.054882812500011, 34.68891022343162 ], [ 119.14111328125, 34.68317291874412 ], [ 119.154541015625, 34.684588934369117 ], [ 119.169042968750034, 34.688495184369117 ], [ 119.178613281250023, 34.693231512494116 ], [ 119.200292968750034, 34.71381256718162 ] ] } },
{ "type": "Feature", "properties": { "dissolve": "769River", "scalerank": 8, "featurecla": "River", "name": "Nakdong", "name_alt": null, "rivernum": 769, "note": null, "min_zoom": 7.0, "name_en": "Nakdong", "min_label": 8.0, "ne_id": 1159127153, "label": "Nakdong", "wikidataid": "Q55501", "name_ar": "ناكدونج", "name_bn": "নাকদোং", "name_de": "Nakdonggang", "name_es": "Nakdong", "name_fr": "Nakdong", "name_el": "Νακντονγκ", "name_hi": "नाकडोंग", "name_hu": "Naktong", "name_id": "Nakdong", "name_it": "Nakdong", "name_ja": "洛東江", "name_ko": "낙동강", "name_nl": "Nakdong", "name_pl": "Naktong-gang", "name_pt": "Nakdong", "name_ru": "Нактонган", "name_sv": "Nakdong", "name_tr": "Nakdong", "name_vi": "Nakdong", "name_zh": "洛東江", "name_fa": "ناکدونگ", "name_he": "נאקון נאיוק", "name_uk": "Нактонган", "name_ur": "ناکاڈونگ", "name_zht": "洛東江" }, "geometry": { "type": "LineString", "coordinates": [ [ 129.056835937500011, 37.042010809369117 ], [ 129.067138671875, 37.029315496869117 ], [ 129.085156250000011, 36.994012762494116 ], [ 129.09423828125, 36.98676178593162 ], [ 129.098535156250023, 36.97931549686912 ], [ 129.08935546875, 36.96283600468162 ], [ 129.075878906250011, 36.946405340619116 ], [ 129.067285156250023, 36.938983465619117 ], [ 129.042578125000034, 36.94037506718162 ], [ 129.036523437500023, 36.938983465619117 ], [ 129.024658203125, 36.93268463749412 ], [ 129.02001953125, 36.92804596561912 ], [ 129.026269531250023, 36.925897528119116 ], [ 129.026757812500023, 36.91828034061912 ], [ 129.021240234375, 36.90143463749412 ], [ 129.011328125000034, 36.88458893436912 ], [ 128.998632812500034, 36.87689850468162 ], [ 128.983642578125, 36.875262762494117 ], [ 128.943359375, 36.86334869999412 ], [ 128.923730468750023, 36.85370514530662 ], [ 128.915136718750034, 36.84821198124412 ], [ 128.907958984375, 36.842157293744116 ], [ 128.902587890625, 36.835809637494116 ], [ 128.899316406250023, 36.829120184369117 ], [ 128.898339843750023, 36.81293366093162 ], [ 128.90576171875, 36.78058502811912 ], [ 128.906152343750023, 36.76764557499412 ], [ 128.899316406250023, 36.759149481244116 ], [ 128.890380859375, 36.75495026249412 ], [ 128.8876953125, 36.74860260624412 ], [ 128.899316406250023, 36.733514715619116 ], [ 128.888916015625, 36.72943756718162 ], [ 128.878173828125, 36.727411199994116 ], [ 128.854736328125, 36.726678778119116 ], [ 128.847558593750023, 36.72272369999412 ], [ 128.846582031250023, 36.71393463749412 ], [ 128.8505859375, 36.704608465619117 ], [ 128.8583984375, 36.699335028119116 ], [ 128.8583984375, 36.69257233280662 ], [ 128.832421875000023, 36.690448309369117 ], [ 128.835156250000011, 36.67218659061912 ], [ 128.849707031250034, 36.647821356244116 ], [ 128.8583984375, 36.62738678593162 ], [ 128.865136718750023, 36.60309479374412 ], [ 128.874609375000034, 36.585565496869116 ], [ 128.870898437500045, 36.57611725468162 ], [ 128.837890625, 36.57587311405662 ], [ 128.803320312500034, 36.582879949994116 ], [ 128.709082031250034, 36.583514715619117 ], [ 128.6484375, 36.597674871869117 ], [ 128.627636718750011, 36.59625885624412 ], [ 128.60693359375, 36.590448309369116 ], [ 128.59912109375, 36.59015534061912 ], [ 128.58056640625, 36.594110418744116 ], [ 128.573437500000011, 36.592889715619116 ], [ 128.56689453125, 36.58771393436912 ], [ 128.556396484375, 36.57221100468162 ], [ 128.55078125, 36.56647369999412 ], [ 128.539257812500011, 36.56256744999412 ], [ 128.52783203125, 36.563104559369116 ], [ 128.505273437500023, 36.56720612186912 ], [ 128.494531250000023, 36.56574127811912 ], [ 128.474707031250034, 36.558710028119116 ], [ 128.464257812500023, 36.55707428593162 ], [ 128.453125, 36.549579168744117 ], [ 128.402587890625, 36.504169012494117 ], [ 128.3857421875, 36.510370184369116 ], [ 128.356054687500034, 36.532831121869116 ], [ 128.321386718750034, 36.553729559369117 ], [ 128.289257812500011, 36.55536530155662 ], [ 128.277441406250034, 36.54376862186912 ], [ 128.269921875000023, 36.52570221561912 ], [ 128.261816406250034, 36.48712799686912 ], [ 128.253027343750034, 36.466669012494116 ], [ 128.25146484375, 36.45661041874412 ], [ 128.262939453125, 36.44940827030662 ], [ 128.258496093750011, 36.44281647343162 ], [ 128.249902343750023, 36.43610260624412 ], [ 128.241455078125, 36.432489324994116 ], [ 128.255078125000011, 36.41486237186912 ], [ 128.274316406250023, 36.40802643436912 ], [ 128.294824218750023, 36.40387604374412 ], [ 128.3134765625, 36.394305731244117 ], [ 128.316503906250034, 36.378290106244116 ], [ 128.294189453125, 36.336932684369117 ], [ 128.296630859375, 36.315204168744117 ], [ 128.302636718750023, 36.31183502811912 ], [ 128.324316406250034, 36.30463287968162 ], [ 128.330761718750011, 36.301532293744117 ], [ 128.3369140625, 36.289667059369116 ], [ 128.33984375, 36.275018621869116 ], [ 128.341015625000011, 36.25714752811912 ], [ 128.352294921875, 36.242303778119116 ], [ 128.373242187500011, 36.198749090619117 ], [ 128.381591796875, 36.17523834843162 ], [ 128.385351562500034, 36.14447662968162 ], [ 128.397216796875, 36.11676666874412 ], [ 128.406982421875, 36.04743073124412 ], [ 128.399121093750011, 35.948993231244117 ], [ 128.409912109375, 35.91571686405662 ], [ 128.409277343750034, 35.907977606244117 ], [ 128.404296875, 35.900506903119116 ], [ 128.400488281250034, 35.890741278119116 ], [ 128.398535156250034, 35.880145574994117 ], [ 128.399121093750011, 35.870135809369117 ], [ 128.40478515625, 35.85394928593162 ], [ 128.414453125000023, 35.84589264530662 ], [ 128.429296875000034, 35.843133856244116 ], [ 128.450585937500023, 35.84284088749412 ], [ 128.466699218750023, 35.83746979374412 ], [ 128.482519531250034, 35.82575104374412 ], [ 128.487597656250045, 35.81403229374412 ], [ 128.471093750000023, 35.80866119999412 ], [ 128.436621093750034, 35.80133698124412 ], [ 128.412109375, 35.782831121869116 ], [ 128.404199218750023, 35.75812409061912 ], [ 128.419531250000034, 35.73236725468162 ], [ 128.443457031250034, 35.71222565311912 ], [ 128.451416015625, 35.698358465619116 ], [ 128.43701171875, 35.69196198124412 ], [ 128.374755859375, 35.69953034061912 ], [ 128.364843750000034, 35.69537994999412 ], [ 128.370361328125, 35.67853424686912 ], [ 128.396582031250034, 35.66022369999412 ], [ 128.405957031250011, 35.643573309369117 ], [ 128.404052734375, 35.62518952030662 ], [ 128.392480468750023, 35.614618231244116 ], [ 128.377343750000023, 35.60651276249412 ], [ 128.364843750000034, 35.59577057499412 ], [ 128.369335937500011, 35.57916901249412 ], [ 128.366943359375, 35.55390045780662 ], [ 128.36767578125, 35.530780340619117 ], [ 128.408935546875, 35.501971746869117 ], [ 128.42626953125, 35.48627350468162 ], [ 128.430419921875, 35.48041412968162 ], [ 128.42822265625, 35.47492096561912 ], [ 128.419531250000034, 35.466083074994117 ], [ 128.410449218750045, 35.46088287968162 ], [ 128.3994140625, 35.457294012494117 ], [ 128.390039062500023, 35.452655340619117 ], [ 128.385351562500034, 35.444354559369117 ], [ 128.387792968750034, 35.431268621869116 ], [ 128.396386718750023, 35.424335028119117 ], [ 128.406835937500034, 35.419794012494116 ], [ 128.416113281250034, 35.41425202030662 ], [ 128.447998046875, 35.385370184369116 ], [ 128.466015625000011, 35.37750885624412 ], [ 128.488378906250034, 35.376727606244117 ], [ 128.497802734375, 35.37982819218162 ], [ 128.516015625000023, 35.38898346561912 ], [ 128.52880859375, 35.39032623905662 ], [ 128.539648437500034, 35.38776276249412 ], [ 128.55517578125, 35.37872955936912 ], [ 128.566699218750045, 35.376727606244117 ], [ 128.576757812500034, 35.37787506718162 ], [ 128.59619140625, 35.382928778119116 ], [ 128.607519531250034, 35.384149481244116 ], [ 128.656982421875, 35.381219793744116 ], [ 128.66748046875, 35.381854559369117 ], [ 128.686621093750034, 35.387225653119117 ], [ 128.697851562500034, 35.38812897343162 ], [ 128.7099609375, 35.38544342655662 ], [ 128.726318359375, 35.37592194218162 ], [ 128.73583984375, 35.373797918744117 ], [ 128.742089843750023, 35.37079498905662 ], [ 128.760498046875, 35.35761139530662 ], [ 128.770263671875, 35.35455963749412 ], [ 128.782324218750034, 35.355585028119116 ], [ 128.79375, 35.358417059369117 ], [ 128.814550781250034, 35.36762116093162 ], [ 128.850341796875, 35.39130280155662 ], [ 128.85625, 35.39862702030662 ], [ 128.862402343750034, 35.40302155155662 ], [ 128.876708984375, 35.396258856244117 ], [ 128.900634765625, 35.381219793744116 ], [ 128.92626953125, 35.376239324994117 ], [ 128.947265625, 35.36383698124412 ], [ 128.997802734375, 35.31500885624412 ], [ 129.016992187500023, 35.29059479374412 ], [ 129.025634765625, 35.263202215619117 ], [ 129.009375, 35.230585028119116 ], [ 129.010498046875, 35.21771881718162 ], [ 129.009179687500023, 35.21161530155662 ], [ 129.004003906250034, 35.205096746869117 ], [ 128.992773437500034, 35.195917059369116 ], [ 128.98876953125, 35.19110748905662 ], [ 128.9814453125, 35.17731354374412 ], [ 128.976953125000023, 35.16596100468162 ], [ 128.972716108614804, 35.152917616890278 ], [ 128.960331931212579, 35.135186980516956 ] ] } },
{ "type": "Feature", "properties": { "dissolve": "95River", "scalerank": 3, "featurecla": "River", "name": "Huang", "name_alt": "Yellow", "rivernum": 95, "note": null, "min_zoom": 3.0, "name_en": "Yellow", "min_label": 4.0, "ne_id": 1159128895, "label": "Huang", "wikidataid": "Q7355", "name_ar": "النهر الأصفر", "name_bn": "হুয়াংহো নদী", "name_de": "Gelber Fluss", "name_es": "Amarillo", "name_fr": "fleuve Jaune", "name_el": "Κίτρινος Ποταμός", "name_hi": "ह्वांगहो", "name_hu": "Sárga", "name_id": "Kuning", "name_it": "Fiume Giallo", "name_ja": "黄河", "name_ko": "황하", "name_nl": "Gele", "name_pl": "Huang He", "name_pt": "Amarelo", "name_ru": "Хуанхэ", "name_sv": "Huanghe", "name_tr": "Sarı Irmak", "name_vi": "Hoàng Hà", "name_zh": "黄河", "name_fa": "هوانگ هو", "name_he": "הנהר הצהוב", "name_uk": "Хуанхе", "name_ur": "دریائے زرد", "name_zht": "黃河" }, "geometry": { "type": "LineString", "coordinates": [ [ 118.0, 37.320585616101773 ], [ 118.02978515625, 37.32733795780662 ], [ 118.0654296875, 37.352069403119117 ], [ 118.087011718750034, 37.35614655155662 ], [ 118.133496093750011, 37.357294012494116 ], [ 118.182226562500034, 37.366473699994117 ], [ 118.20703125, 37.375262762494117 ], [ 118.225976562500023, 37.387713934369117 ], [ 118.229394531250023, 37.39630768436912 ], [ 118.222949218749989, 37.42865631718162 ], [ 118.225488281250023, 37.43878815311912 ], [ 118.231542968750034, 37.450213934369117 ], [ 118.243359375000011, 37.466571356244117 ], [ 118.256591796875, 37.47809479374412 ], [ 118.28173828125, 37.495135809369117 ], [ 118.291259765625, 37.50812409061912 ], [ 118.29541015625, 37.52435944218162 ], [ 118.29931640625, 37.560565496869117 ], [ 118.304785156250034, 37.576434637494117 ], [ 118.328857421875, 37.59638092655662 ], [ 118.365234375, 37.60687897343162 ], [ 118.519140625000034, 37.61566803593162 ], [ 118.55419921875, 37.626483465619117 ], [ 118.5859375, 37.644647528119116 ], [ 118.6728515625, 37.71869537968162 ], [ 118.681542968750023, 37.73346588749412 ], [ 118.710058593750034, 37.74982330936912 ], [ 118.722558593750023, 37.754510809369116 ], [ 118.758691406250023, 37.760272528119117 ], [ 118.786523437500023, 37.77472565311912 ], [ 118.8603515625, 37.796161199994117 ], [ 118.897070312500034, 37.824335028119116 ], [ 118.9169921875, 37.83063385624412 ], [ 118.938867187500023, 37.81940338749412 ], [ 118.95458984375, 37.80878327030662 ], [ 118.97802734375, 37.79975006718162 ], [ 119.00341796875, 37.796258856244116 ], [ 119.064184735286133, 37.77691726081369 ], [ 119.130119841227341, 37.748949117640954 ], [ 119.135050681391277, 37.751062334854069 ], [ 119.137163898604399, 37.75810639223112 ], [ 119.234758998743203, 37.777142549213664 ] ] } },
{ "type": "Feature", "properties": { "dissolve": "740River", "scalerank": 8, "featurecla": "River", "name": "Tone", "name_alt": null, "rivernum": 740, "note": null, "min_zoom": 7.0, "name_en": "Tone", "min_label": 8.0, "ne_id": 1159126711, "label": "Tone", "wikidataid": "Q177452", "name_ar": "توني", "name_bn": "টোন", "name_de": "Tone", "name_es": "Tone", "name_fr": "Tone-gawa", "name_el": "Τόουν", "name_hi": "टोन नदी", "name_hu": "Tone", "name_id": "Tone", "name_it": "Tone", "name_ja": "利根川", "name_ko": "도네강", "name_nl": "Tone", "name_pl": "Tone", "name_pt": "Tone", "name_ru": "Тоне", "name_sv": "Tone", "name_tr": "Tone", "name_vi": "Tone", "name_zh": "利根川", "name_fa": "رود تونوس", "name_he": "טונה", "name_uk": "Тоне", "name_ur": "ٹون", "name_zht": "利根川" }, "geometry": { "type": "LineString", "coordinates": [ [ 139.067138671875, 36.90668366093162 ], [ 139.06787109375, 36.86981842655662 ], [ 139.064697265625, 36.85321686405662 ], [ 139.05517578125, 36.83881256718162 ], [ 139.024121093750011, 36.818622137494117 ], [ 138.991455078125, 36.80243561405662 ], [ 138.96875, 36.77973053593162 ], [ 138.96826171875, 36.73993561405662 ], [ 138.983154296875, 36.70563385624412 ], [ 139.02490234375, 36.643329168744117 ], [ 139.041406250000023, 36.60993073124412 ], [ 139.044921875, 36.58502838749412 ], [ 139.03955078125, 36.565301824994116 ], [ 139.03173828125, 36.54657623905662 ], [ 139.020898437500023, 36.483417059369117 ], [ 139.0234375, 36.47406647343162 ], [ 139.0361328125, 36.455829168744117 ], [ 139.041406250000023, 36.446161199994116 ], [ 139.06103515625, 36.384881903119116 ], [ 139.072021484375, 36.359881903119117 ], [ 139.089257812500023, 36.336297918744116 ], [ 139.103515625, 36.32428619999412 ], [ 139.133056640625, 36.30890534061912 ], [ 139.147216796875, 36.298114324994117 ], [ 139.170507812500034, 36.27265045780662 ], [ 139.181835937500011, 36.26312897343162 ], [ 139.198437500000011, 36.25433991093162 ], [ 139.232177734375, 36.242059637494116 ], [ 139.303955078125, 36.228143621869116 ], [ 139.378320312500023, 36.222430731244117 ], [ 139.412353515625, 36.211688543744117 ], [ 139.44384765625, 36.19623444218162 ], [ 139.472753906250034, 36.177997137494117 ], [ 139.513916015625, 36.19269440311912 ], [ 139.562695312500011, 36.19086334843162 ], [ 139.609619140625, 36.179315496869116 ], [ 139.769238281250011, 36.10993073124412 ], [ 139.8017578125, 36.081805731244117 ], [ 139.86572265625, 36.004999090619116 ], [ 139.932031250000023, 35.93842194218162 ], [ 139.969335937500034, 35.91388580936912 ], [ 140.127050781250034, 35.85431549686912 ], [ 140.16943359375, 35.844110418744116 ], [ 140.189453125, 35.84284088749412 ], [ 140.319580078125, 35.850604559369117 ], [ 140.34521484375, 35.855340887494116 ], [ 140.367431640625, 35.87836334843162 ], [ 140.392480468750023, 35.884784246869117 ], [ 140.461181640625, 35.892352606244117 ], [ 140.551171875000023, 35.888446356244117 ], [ 140.5693359375, 35.88373444218162 ], [ 140.625390625000023, 35.85358307499412 ], [ 140.670507812500034, 35.841571356244117 ], [ 140.6923828125, 35.83258698124412 ], [ 140.710546875000034, 35.81964752811912 ], [ 140.755078125000011, 35.773944403119117 ], [ 140.776562500000011, 35.756854559369117 ], [ 140.798828125, 35.74371979374412 ], [ 140.824462890625, 35.73529694218162 ], [ 140.85693359375, 35.73236725468162 ] ] } },
{ "type": "Feature", "properties": { "dissolve": "555River", "scalerank": 7, "featurecla": "River", "name": "Namhan", "name_alt": null, "rivernum": 555, "note": null, "min_zoom": 6.0, "name_en": "Namhan", "min_label": 7.0, "ne_id": 1159122563, "label": "Namhan", "wikidataid": "Q10856094", "name_ar": "نامهان", "name_bn": "নামহান", "name_de": "Namhan", "name_es": "Namhan", "name_fr": "Namhan", "name_el": "Ναμχαν", "name_hi": "नम्हानो", "name_hu": "Namhan", "name_id": "Namhan", "name_it": "Namhan", "name_ja": "南漢江", "name_ko": "남한", "name_nl": "Namhan", "name_pl": "Namhan", "name_pt": "Namhan", "name_ru": "река Намхан", "name_sv": "Namhan", "name_tr": "Namhan", "name_vi": "Sông Nam Hán", "name_zh": "南汉河", "name_fa": "نامهان", "name_he": "נאמהאן", "name_uk": "Намган", "name_ur": "نامہان", "name_zht": "南漢河" }, "geometry": { "type": "LineString", "coordinates": [ [ 128.87890625, 37.40509674686912 ], [ 128.862402343750034, 37.404803778119117 ], [ 128.852783203125, 37.42523834843162 ], [ 128.842041015625, 37.47003815311912 ], [ 128.8251953125, 37.48309967655662 ], [ 128.799072265625, 37.490106512494116 ], [ 128.771386718750023, 37.49152252811912 ], [ 128.749755859375, 37.487420965619116 ], [ 128.682714843750034, 37.46393463749412 ], [ 128.679101562500023, 37.46198151249412 ], [ 128.674072265625, 37.457879949994116 ], [ 128.671777343750023, 37.45477936405662 ], [ 128.66943359375, 37.450458074994117 ], [ 128.666796875000045, 37.44660065311912 ], [ 128.66357421875, 37.444940496869116 ], [ 128.646484375, 37.44025299686912 ], [ 128.6552734375, 37.42963287968162 ], [ 128.688232421875, 37.410760809369116 ], [ 128.672119140625, 37.395526434369117 ], [ 128.65869140625, 37.388202215619117 ], [ 128.619238281250034, 37.38287994999412 ], [ 128.613867187500034, 37.383563543744117 ], [ 128.61279296875, 37.38617584843162 ], [ 128.612207031250023, 37.38898346561912 ], [ 128.608642578125, 37.39032623905662 ], [ 128.603759765625, 37.388202215619117 ], [ 128.599707031250034, 37.38349030155662 ], [ 128.598535156250023, 37.378778387494116 ], [ 128.610253906250023, 37.371600653119117 ], [ 128.610253906250023, 37.360223699994116 ], [ 128.60498046875, 37.341913153119116 ], [ 128.60791015625, 37.33405182499412 ], [ 128.612402343750034, 37.32526276249412 ], [ 128.617578125000023, 37.318133856244117 ], [ 128.622656250000034, 37.315204168744117 ], [ 128.632714843750023, 37.31146881718162 ], [ 128.627343750000023, 37.30341217655662 ], [ 128.617089843750023, 37.296014715619116 ], [ 128.612402343750034, 37.29413483280662 ], [ 128.5986328125, 37.27155182499412 ], [ 128.595117187500023, 37.26740143436912 ], [ 128.57373046875, 37.26984284061912 ], [ 128.56591796875, 37.268085028119117 ], [ 128.55712890625, 37.25995514530662 ], [ 128.554882812500011, 37.27924225468162 ], [ 128.542871093750023, 37.28766510624412 ], [ 128.529394531250034, 37.28485748905662 ], [ 128.523046875000034, 37.27057526249412 ], [ 128.52880859375, 37.25263092655662 ], [ 128.530664062500023, 37.24347565311912 ], [ 128.526757812500023, 37.239520574994117 ], [ 128.505078125000011, 37.23212311405662 ], [ 128.499755859375, 37.22955963749412 ], [ 128.496484375000023, 37.222528387494116 ], [ 128.504492187500034, 37.21356842655662 ], [ 128.503173828125, 37.205340887494117 ], [ 128.498046875, 37.198749090619117 ], [ 128.486083984375, 37.18817780155662 ], [ 128.477294921875, 37.17767975468162 ], [ 128.47265625, 37.17511627811912 ], [ 128.47119140625, 37.172235418744116 ], [ 128.475830078125, 37.16437409061912 ], [ 128.482617187500011, 37.158710028119117 ], [ 128.509960937500011, 37.14325592655662 ], [ 128.522363281250023, 37.12921784061912 ], [ 128.529394531250034, 37.113641668744116 ], [ 128.525781250000023, 37.10114166874412 ], [ 128.505615234375, 37.095965887494117 ], [ 128.498046875, 37.089618231244117 ], [ 128.490625, 37.07550690311912 ], [ 128.480175781250011, 37.061395574994116 ], [ 128.464257812500023, 37.05499909061912 ], [ 128.432373046875, 37.05719635624412 ], [ 128.421484375000034, 37.05194733280662 ], [ 128.405957031250011, 37.035174871869117 ], [ 128.3837890625, 37.004999090619116 ], [ 128.369335937500011, 36.995721746869116 ], [ 128.351757812500011, 36.99994537968162 ], [ 128.355566406250034, 36.98212311405662 ], [ 128.324609375000023, 36.969501043744117 ], [ 128.2373046875, 36.956073309369117 ], [ 128.225341796875, 36.957147528119116 ], [ 128.214257812500023, 36.961688543744117 ], [ 128.202392578125, 36.97418854374412 ], [ 128.177636718750023, 37.00726959843162 ], [ 128.162207031250034, 37.01410553593162 ], [ 128.13671875, 37.01056549686912 ], [ 128.11875, 37.001336981244116 ], [ 128.090576171875, 36.97308991093162 ], [ 128.04736328125, 36.952752996869116 ], [ 128.013427734375, 36.97296784061912 ], [ 127.982177734375, 37.00531647343162 ], [ 127.947265625, 37.021502996869117 ], [ 127.926513671875, 37.01276276249412 ], [ 127.91064453125, 36.996942449994116 ], [ 127.89501953125, 36.987323309369117 ], [ 127.874902343750023, 36.99701569218162 ], [ 127.863378906250034, 37.021356512494116 ], [ 127.872167968750034, 37.040887762494116 ], [ 127.88330078125, 37.058465887494116 ], [ 127.878320312500023, 37.07672760624412 ], [ 127.868359375000011, 37.081415106244116 ], [ 127.843652343750023, 37.082147528119116 ], [ 127.833984375, 37.08637116093162 ], [ 127.809277343750011, 37.108905340619117 ], [ 127.761474609375, 37.165301824994117 ], [ 127.7548828125, 37.17548248905662 ], [ 127.752050781250034, 37.197284246869117 ], [ 127.743554687500023, 37.21369049686912 ], [ 127.727636718750034, 37.223993231244116 ], [ 127.703222656250034, 37.22760651249412 ], [ 127.689843750000023, 37.23786041874412 ], [ 127.67236328125, 37.286493231244116 ], [ 127.651757812500023, 37.30267975468162 ], [ 127.6455078125, 37.29523346561912 ], [ 127.586181640625, 37.33698151249412 ], [ 127.572363281250034, 37.35175202030662 ], [ 127.553613281250023, 37.36163971561912 ], [ 127.54931640625, 37.36725494999412 ], [ 127.546630859375, 37.375848699994116 ], [ 127.5283203125, 37.41193268436912 ], [ 127.520263671875, 37.42133209843162 ], [ 127.502343750000023, 37.436395574994116 ], [ 127.494140625, 37.446063543744117 ], [ 127.49169921875, 37.456561590619117 ], [ 127.490917968750011, 37.47016022343162 ], [ 127.487597656250045, 37.48200104374412 ], [ 127.453222656250034, 37.498553778119117 ], [ 127.44287109375, 37.50067780155662 ], [ 127.408789062500034, 37.49408600468162 ], [ 127.398535156250034, 37.49445221561912 ], [ 127.3828125, 37.502557684369116 ], [ 127.371777343750011, 37.513788153119116 ], [ 127.35791015625, 37.52374909061912 ], [ 127.333593750000034, 37.52802155155662 ], [ 127.323437500000011, 37.52362702030662 ], [ 127.313232421875, 37.514911199994117 ], [ 127.302832031250034, 37.50861237186912 ], [ 127.29248046875, 37.51154205936912 ], [ 127.282324218750034, 37.51947662968162 ], [ 127.254492187500034, 37.53546784061912 ], [ 127.242578125000023, 37.54767487186912 ], [ 127.230859375000023, 37.56342194218162 ], [ 127.21826171875, 37.57684967655662 ], [ 127.203320312500011, 37.58258698124412 ], [ 127.18310546875, 37.58026764530662 ] ] } },
{ "type": "Feature", "properties": { "dissolve": "626River", "scalerank": 7, "featurecla": "River", "name": "Han", "name_alt": null, "rivernum": 626, "note": null, "min_zoom": 6.0, "name_en": "Han", "min_label": 7.0, "ne_id": 1159123863, "label": "Han", "wikidataid": "Q55500", "name_ar": "نهر هان", "name_bn": "হান নদী", "name_de": "Hangang", "name_es": "Han", "name_fr": "Han", "name_el": "Ποταμός Χαν", "name_hi": "हान", "name_hu": "Han", "name_id": "Han", "name_it": "fiume Han", "name_ja": "漢江", "name_ko": "한강", "name_nl": "Han Gang", "name_pl": "Han-gang", "name_pt": "Han", "name_ru": "Ханган", "name_sv": "Han", "name_tr": "Han", "name_vi": "Hán", "name_zh": "漢江", "name_fa": "رود هان", "name_he": "נהר ההאן", "name_uk": "Річка Хан", "name_ur": "ہان", "name_zht": "漢江" }, "geometry": { "type": "LineString", "coordinates": [ [ 126.755468750000034, 37.63788483280662 ], [ 126.772851562500023, 37.62628815311912 ], [ 126.8671875, 37.55902741093162 ], [ 126.881103515625, 37.55194733280662 ], [ 126.909423828125, 37.545770574994116 ], [ 126.949462890625, 37.52802155155662 ], [ 126.953857421875, 37.524774481244116 ], [ 126.95849609375, 37.517694403119116 ], [ 126.964648437499989, 37.51080963749412 ], [ 126.973388671875, 37.50812409061912 ], [ 126.981835937500023, 37.51080963749412 ], [ 126.98779296875, 37.51618073124412 ], [ 126.993359375000011, 37.52252838749412 ], [ 127.009960937500011, 37.53546784061912 ], [ 127.01708984375, 37.53974030155662 ], [ 127.024804687500023, 37.541620184369116 ], [ 127.031982421875, 37.53949616093162 ], [ 127.045507812500034, 37.53009674686912 ], [ 127.05224609375, 37.52802155155662 ], [ 127.063232421875, 37.52301666874412 ], [ 127.07470703125, 37.51312897343162 ], [ 127.087988281250034, 37.50568268436912 ], [ 127.104296874999989, 37.50812409061912 ], [ 127.11181640625, 37.516961981244116 ], [ 127.125, 37.546258856244116 ], [ 127.130957031250034, 37.555926824994117 ], [ 127.144628906250034, 37.565545965619116 ], [ 127.162841796875, 37.574090887494116 ], [ 127.18310546875, 37.58026764530662 ] ] } },
{ "type": "Feature", "properties": { "dissolve": "825River", "scalerank": 8, "featurecla": "River", "name": "Mogami", "name_alt": null, "rivernum": 825, "note": null, "min_zoom": 7.0, "name_en": "Mogami", "min_label": 8.0, "ne_id": 1159127925, "label": "Mogami", "wikidataid": "Q596120", "name_ar": "موغامي", "name_bn": "মোগামি", "name_de": "Mogami", "name_es": "Mogami", "name_fr": "Mogami-gawa", "name_el": "Μογκάμι", "name_hi": "मोगामी", "name_hu": "Mogami", "name_id": "Mogami", "name_it": "Mogami", "name_ja": "最上川", "name_ko": "모가미강", "name_nl": "Mogami", "name_pl": "Mogami", "name_pt": "Mogami", "name_ru": "Могами", "name_sv": "Mogami", "name_tr": "Mogami", "name_vi": "Sông Mogami", "name_zh": "最上川", "name_fa": "رود موگامی", "name_he": "מוגילה", "name_uk": "Річка Моґамі", "name_ur": "موگامی", "name_zht": "最上川" }, "geometry": { "type": "LineString", "coordinates": [ [ 140.038671875000034, 37.766131903119117 ], [ 140.045117187500011, 37.84113190311912 ], [ 140.055419921875, 37.87543366093162 ], [ 140.123925781250023, 37.993915106244117 ], [ 140.125097656250034, 38.01044342655662 ], [ 140.08740234375, 38.03351471561912 ], [ 140.060449218750023, 38.06439850468162 ], [ 140.049560546875, 38.10211823124412 ], [ 140.060449218750023, 38.14569733280662 ], [ 140.065673828125, 38.15338776249412 ], [ 140.0869140625, 38.173944403119116 ], [ 140.094921875000011, 38.18854401249412 ], [ 140.09814453125, 38.22101471561912 ], [ 140.10205078125, 38.237323309369117 ], [ 140.11328125, 38.25690338749412 ], [ 140.15087890625, 38.30390045780662 ], [ 140.18896484375, 38.33551666874412 ], [ 140.203027343750023, 38.35053131718162 ], [ 140.218847656250034, 38.35809967655662 ], [ 140.244335937500011, 38.35236237186912 ], [ 140.28173828125, 38.33356354374412 ], [ 140.296142578125, 38.33795807499412 ], [ 140.31494140625, 38.360467840619116 ], [ 140.328125, 38.385272528119117 ], [ 140.33984375, 38.41657135624412 ], [ 140.34814453125, 38.44867584843162 ], [ 140.35107421875, 38.47601959843162 ], [ 140.34912109375, 38.48285553593162 ], [ 140.341552734375, 38.49970123905662 ], [ 140.340039062500011, 38.504266668744116 ], [ 140.342675781250023, 38.50873444218162 ], [ 140.350341796875, 38.51105377811912 ], [ 140.37353515625, 38.541131903119116 ], [ 140.378515625000034, 38.55597565311912 ], [ 140.369873046875, 38.57111237186912 ], [ 140.36181640625, 38.57855866093162 ], [ 140.35625, 38.58563873905662 ], [ 140.352294921875, 38.593768621869117 ], [ 140.34912109375, 38.604364324994116 ], [ 140.348876953125, 38.61652252811912 ], [ 140.3505859375, 38.62885162968162 ], [ 140.349853515625, 38.63971588749412 ], [ 140.342480468750011, 38.64728424686912 ], [ 140.322265625, 38.65228912968162 ], [ 140.27978515625, 38.65595123905662 ], [ 140.2578125, 38.665643621869116 ], [ 140.241943359375, 38.68060944218162 ], [ 140.23046875, 38.69574616093162 ], [ 140.217187500000023, 38.70722077030662 ], [ 140.174707031250023, 38.714227606244116 ], [ 139.998779296875, 38.78363678593162 ], [ 139.961669921875, 38.808221746869116 ], [ 139.921875, 38.85053131718162 ], [ 139.903710937500023, 38.86115143436912 ], [ 139.853906250000023, 38.87665436405662 ], [ 139.8349609375, 38.88873932499412 ], [ 139.81591796875, 38.91364166874412 ] ] } },
{ "type": "Feature", "properties": { "dissolve": "680Lake Centerline", "scalerank": 8, "featurecla": "Lake Centerline", "name": "Yalu", "name_alt": null, "rivernum": 680, "note": null, "min_zoom": 7.0, "name_en": "Yalu", "min_label": 8.0, "ne_id": 1159125347, "label": "Yalu", "wikidataid": "Q55498", "name_ar": "يالو", "name_bn": "ইয়ালু নদী", "name_de": "Yalu", "name_es": "Yalu", "name_fr": "Yalou", "name_el": "Γιαλού", "name_hi": "यालू नदी", "name_hu": "Jalu", "name_id": "Yalu", "name_it": "Yalu", "name_ja": "鴨緑江", "name_ko": "압록강", "name_nl": "Yalu", "name_pl": "Jalu", "name_pt": "Yalu", "name_ru": "Ялуцзян", "name_sv": "Yalu", "name_tr": "Yalu", "name_vi": "Áp Lục", "name_zh": "鸭绿江", "name_fa": "یالو", "name_he": "נהר יאלו", "name_uk": "Ялуцзян", "name_ur": "دریائے یالو", "name_zht": "鸭绿江" }, "geometry": { "type": "LineString", "coordinates": [ [ 125.33642578125, 40.641376043744117 ], [ 125.326562500000023, 40.64264557499412 ], [ 125.314062500000034, 40.650018621869116 ], [ 125.293212890625, 40.65082428593162 ], [ 125.275634765625, 40.64508698124412 ], [ 125.266796875000011, 40.63190338749412 ], [ 125.258203125000023, 40.62152741093162 ], [ 125.240478515625, 40.61347077030662 ], [ 125.21728515625, 40.60541412968162 ], [ 125.187109375000034, 40.59870026249412 ], [ 125.155175781250023, 40.589227606244116 ], [ 125.13720703125, 40.57697174686912 ], [ 125.119140625, 40.56561920780662 ], [ 125.1015625, 40.55878327030662 ], [ 125.07958984375, 40.552020574994117 ], [ 125.053320312500034, 40.54767487186912 ], [ 125.034765625000034, 40.53961823124412 ], [ 125.014404296875, 40.52558014530662 ], [ 125.009960937500011, 40.509784246869117 ], [ 125.02880859375, 40.49103424686912 ], [ 125.041015625, 40.474969793744116 ], [ 125.034765625000034, 40.46210358280662 ], [ 125.013671875, 40.457635809369116 ], [ 124.988671875000023, 40.45807526249412 ], [ 124.971582031250023, 40.45392487186912 ], [ 124.959228515625, 40.45392487186912 ] ] } },
{ "type": "Feature", "properties": { "dissolve": "908River", "scalerank": 8, "featurecla": "River", "name": "Luan", "name_alt": null, "rivernum": 908, "note": null, "min_zoom": 7.0, "name_en": "Luan", "min_label": 8.0, "ne_id": 1159128523, "label": "Luan", "wikidataid": "Q1193523", "name_ar": "لوان", "name_bn": "লুয়ান", "name_de": "Luan He", "name_es": "Luan", "name_fr": "Luan He", "name_el": "Λουάν", "name_hi": "लुआन", "name_hu": "Luan", "name_id": "Luan", "name_it": "Luan", "name_ja": "灤河", "name_ko": "롼허", "name_nl": "Luan", "name_pl": "Luan He", "name_pt": "Luan", "name_ru": "Луаньхэ", "name_sv": "Luanfloden", "name_tr": "Luan", "name_vi": "Loan", "name_zh": "滦河", "name_fa": "لوان", "name_he": "לואנדה", "name_uk": "Луан", "name_ur": "لوان", "name_zht": "灤河" }, "geometry": { "type": "LineString", "coordinates": [ [ 118.0, 40.848164961568187 ], [ 118.014550781250023, 40.85126373905662 ], [ 118.024121093750011, 40.85175202030662 ], [ 118.044921875, 40.84491608280662 ], [ 118.052978515625, 40.832391668744116 ], [ 118.057714843750034, 40.81683991093162 ], [ 118.068603515625, 40.80084869999412 ], [ 118.085058593750034, 40.79157135624412 ], [ 118.106835937500023, 40.782977606244117 ], [ 118.12548828125, 40.772821356244116 ], [ 118.133496093750011, 40.75897858280662 ], [ 118.13232421875, 40.74994537968162 ], [ 118.126708984375, 40.728876043744116 ], [ 118.132910156250034, 40.71832916874412 ], [ 118.15087890625, 40.704120184369117 ], [ 118.154541015625, 40.69782135624412 ], [ 118.16064453125, 40.680926824994117 ], [ 118.171875, 40.67157623905662 ], [ 118.178808593750034, 40.66339752811912 ], [ 118.171289062500023, 40.650018621869116 ], [ 118.140625, 40.62225983280662 ], [ 118.13623046875, 40.61041901249412 ], [ 118.160742187500034, 40.612176824994116 ], [ 118.15625, 40.60565827030662 ], [ 118.151953125000034, 40.597772528119116 ], [ 118.148828125000023, 40.58856842655662 ], [ 118.147070312500034, 40.57807037968162 ], [ 118.169921875, 40.58783600468162 ], [ 118.181640625, 40.59064362186912 ], [ 118.194921875000034, 40.59174225468162 ], [ 118.1904296875, 40.57977936405662 ], [ 118.174560546875, 40.55072662968162 ], [ 118.18603515625, 40.55304596561912 ], [ 118.204003906250023, 40.565204168744117 ], [ 118.216064453125, 40.57062409061912 ], [ 118.215039062500011, 40.55890534061912 ], [ 118.218164062500023, 40.54999420780662 ], [ 118.22509765625, 40.54450104374412 ], [ 118.236523437500011, 40.54328034061912 ], [ 118.234472656250034, 40.538836981244117 ], [ 118.23125, 40.52728912968162 ], [ 118.229101562500034, 40.52277252811912 ], [ 118.265039062500023, 40.514911199994117 ], [ 118.270605468750034, 40.51227448124412 ], [ 118.266357421875, 40.50275299686912 ], [ 118.24755859375, 40.50189850468162 ], [ 118.243359375000011, 40.49237702030662 ], [ 118.248779296875, 40.48798248905662 ], [ 118.275097656250011, 40.490106512494116 ], [ 118.284277343750034, 40.48871491093162 ], [ 118.291259765625, 40.476825262494117 ], [ 118.288476562500023, 40.465350653119117 ], [ 118.277441406250034, 40.44769928593162 ], [ 118.275292968750023, 40.43475983280662 ], [ 118.277441406250034, 40.40302155155662 ], [ 118.2744140625, 40.39032623905662 ], [ 118.26025390625, 40.37274811405662 ], [ 118.256933593750034, 40.362079168744117 ], [ 118.26025390625, 40.35016510624412 ], [ 118.2744140625, 40.32782623905662 ], [ 118.277441406250034, 40.317401434369117 ], [ 118.273681640625, 40.30817291874412 ], [ 118.250097656250034, 40.27643463749412 ], [ 118.2587890625, 40.27448151249412 ], [ 118.284082031250023, 40.271600653119116 ], [ 118.291259765625, 40.26959869999412 ], [ 118.2958984375, 40.26361725468162 ], [ 118.296875, 40.25824616093162 ], [ 118.296875, 40.251581121869116 ], [ 118.298583984375, 40.24164459843162 ], [ 118.297119140625, 40.24030182499412 ], [ 118.292236328125, 40.22907135624412 ], [ 118.291259765625, 40.22455475468162 ], [ 118.293212890625, 40.21954987186912 ], [ 118.302343750000034, 40.21234772343162 ], [ 118.304785156250034, 40.208124090619116 ], [ 118.307519531250023, 40.19855377811912 ], [ 118.31103515625, 40.191034246869116 ], [ 118.3115234375, 40.183124090619117 ], [ 118.304785156250034, 40.172723699994116 ], [ 118.317578125000011, 40.15192291874412 ], [ 118.334228515625, 40.14728424686912 ], [ 118.37744140625, 40.15350983280662 ], [ 118.450781250000034, 40.145038153119117 ], [ 118.523681640625, 40.150506903119116 ], [ 118.567773437500023, 40.14642975468162 ], [ 118.6005859375, 40.12677643436912 ], [ 118.61328125, 40.084588934369116 ], [ 118.611914062500034, 40.07355377811912 ], [ 118.6064453125, 40.05377838749412 ], [ 118.6064453125, 40.04364655155662 ], [ 118.610058593750011, 40.03778717655662 ], [ 118.623437500000023, 40.022088934369116 ], [ 118.626367187500023, 40.012567449994116 ], [ 118.630761718750023, 40.00275299686912 ], [ 118.64990234375, 39.98883698124412 ], [ 118.65966796875, 39.96503327030662 ], [ 118.672460937500034, 39.957294012494117 ], [ 118.688232421875, 39.95392487186912 ], [ 118.702050781250023, 39.953631903119117 ], [ 118.733642578125, 39.96393463749412 ], [ 118.7412109375, 39.95795319218162 ], [ 118.74365234375, 39.93036530155662 ], [ 118.7490234375, 39.92182037968162 ], [ 118.7724609375, 39.915643621869116 ], [ 118.77783203125, 39.90961334843162 ], [ 118.778906250000034, 39.89850494999412 ], [ 118.781982421875, 39.891376043744117 ], [ 118.802734375, 39.86005280155662 ], [ 118.807373046875, 39.848260809369116 ], [ 118.804101562500023, 39.83624909061912 ], [ 118.791406250000023, 39.81708405155662 ], [ 118.799560546875, 39.800799871869117 ], [ 118.788671875000034, 39.78742096561912 ], [ 118.7724609375, 39.77606842655662 ], [ 118.76416015625, 39.765887762494117 ], [ 118.76220703125, 39.755731512494116 ], [ 118.753027343750034, 39.73371002811912 ], [ 118.75048828125, 39.72150299686912 ], [ 118.751074218750034, 39.710077215619116 ], [ 118.75732421875, 39.68366119999412 ], [ 118.7802734375, 39.64935944218162 ], [ 118.82666015625, 39.621942449994116 ], [ 118.8623046875, 39.59369537968162 ], [ 118.853515625, 39.557001043744116 ], [ 118.8779296875, 39.546014715619116 ], [ 118.91015625, 39.54230377811912 ], [ 118.973388671875, 39.54340241093162 ], [ 118.974609375, 39.537127996869117 ], [ 118.97021484375, 39.50177643436912 ], [ 118.980712890625, 39.49396393436912 ], [ 119.019433593750023, 39.47223541874412 ], [ 119.031640625000023, 39.46698639530662 ], [ 119.048095703125, 39.46735260624412 ], [ 119.080761718750011, 39.478387762494116 ], [ 119.096582031250023, 39.481317449994116 ], [ 119.114648437500023, 39.47907135624412 ], [ 119.1494140625, 39.46930573124412 ], [ 119.1650390625, 39.46698639530662 ], [ 119.190527343750034, 39.45783112186912 ], [ 119.244873046875, 39.418963934369117 ], [ 119.261440984303391, 39.415590125963107 ], [ 119.304076609170394, 39.430595792099112 ] ] } },
{ "type": "Feature", "properties": { "dissolve": "680River", "scalerank": 8, "featurecla": "River", "name": "Yalu", "name_alt": null, "rivernum": 680, "note": null, "min_zoom": 7.0, "name_en": "Yalu", "min_label": 8.0, "ne_id": 1159125357, "label": "Yalu", "wikidataid": "Q55498", "name_ar": "يالو", "name_bn": "ইয়ালু নদী", "name_de": "Yalu", "name_es": "Yalu", "name_fr": "Yalou", "name_el": "Γιαλού", "name_hi": "यालू नदी", "name_hu": "Jalu", "name_id": "Yalu", "name_it": "Yalu", "name_ja": "鴨緑江", "name_ko": "압록강", "name_nl": "Yalu", "name_pl": "Jalu", "name_pt": "Yalu", "name_ru": "Ялуцзян", "name_sv": "Yalu", "name_tr": "Yalu", "name_vi": "Áp Lục", "name_zh": "鸭绿江", "name_fa": "یالو", "name_he": "נהר יאלו", "name_uk": "Ялуцзян", "name_ur": "دریائے یالو", "name_zht": "鸭绿江" }, "geometry": { "type": "MultiLineString", "coordinates": [ [ [ 125.33642578125, 40.641376043744117 ], [ 125.355712890625, 40.64630768436912 ], [ 125.36328125, 40.64691803593162 ], [ 125.372167968750034, 40.644159246869116 ], [ 125.38427734375, 40.63532135624412 ], [ 125.390625, 40.63263580936912 ], [ 125.412988281250023, 40.63202545780662 ], [ 125.416894531250023, 40.639520574994116 ], [ 125.414648437500034, 40.65216705936912 ], [ 125.41845703125, 40.66681549686912 ], [ 125.425976562500011, 40.67145416874412 ], [ 125.443359375, 40.66901276249412 ], [ 125.45263671875, 40.67365143436912 ], [ 125.4560546875, 40.679950262494117 ], [ 125.45654296875, 40.69391510624412 ], [ 125.45947265625, 40.70160553593162 ], [ 125.46875, 40.713153387494117 ], [ 125.478515625, 40.719012762494117 ], [ 125.491455078125, 40.721210028119117 ], [ 125.53271484375, 40.722040106244116 ], [ 125.546289062500023, 40.72614166874412 ], [ 125.553125, 40.73737213749412 ], [ 125.555078125000023, 40.75897858280662 ], [ 125.559814453125, 40.77863190311912 ], [ 125.571533203125, 40.78510162968162 ], [ 125.586181640625, 40.782098699994116 ], [ 125.60009765625, 40.772967840619117 ], [ 125.60791015625, 40.76434967655662 ], [ 125.609765625000023, 40.761493231244117 ], [ 125.668359375000023, 40.76239655155662 ], [ 125.682373046875, 40.76911041874412 ], [ 125.672949218750034, 40.78436920780662 ], [ 125.644433593750023, 40.810809637494117 ], [ 125.682861328125, 40.84821198124412 ], [ 125.7060546875, 40.86066315311912 ], [ 125.736523437500011, 40.86542389530662 ], [ 125.745361328125, 40.86835358280662 ], [ 125.75048828125, 40.87494537968162 ], [ 125.754492187500034, 40.88190338749412 ], [ 125.760498046875, 40.88593170780662 ], [ 125.7705078125, 40.88641998905662 ], [ 125.77880859375, 40.88483307499412 ], [ 125.821679687500023, 40.86994049686912 ], [ 125.831347656249989, 40.87103912968162 ], [ 125.872460937500023, 40.892938543744116 ], [ 125.884863281250034, 40.897723699994117 ], [ 125.901123046875, 40.89960358280662 ], [ 125.912011718750023, 40.89435455936912 ], [ 125.923583984375, 40.884295965619117 ], [ 125.935937500000023, 40.87763092655662 ], [ 125.94921875, 40.882831121869117 ], [ 125.9638671875, 40.89154694218162 ], [ 125.994726562500034, 40.89435455936912 ], [ 126.007519531250011, 40.89960358280662 ], [ 126.014892578125, 40.90936920780662 ], [ 126.009521484375, 40.91412994999412 ], [ 125.996191406250034, 40.915155340619116 ], [ 125.980175781250011, 40.913836981244117 ], [ 125.991796875000034, 40.928583074994116 ], [ 126.009033203125, 40.93292877811912 ], [ 126.028222656250023, 40.93549225468162 ], [ 126.045117187500011, 40.94489166874412 ], [ 126.065673828125, 40.968866278119116 ], [ 126.071533203125, 40.980829168744116 ], [ 126.069042968750011, 40.98956940311912 ], [ 126.075439453125, 40.997333074994117 ], [ 126.08349609375, 41.00275299686912 ], [ 126.093164062500023, 41.006463934369116 ], [ 126.103759765625, 41.00946686405662 ], [ 126.100976562500023, 41.02228424686912 ], [ 126.111083984375, 41.032733465619117 ], [ 126.126074218750034, 41.04340241093162 ], [ 126.137792968750034, 41.057245184369116 ], [ 126.12353515625, 41.07575104374412 ], [ 126.147070312500034, 41.09247467655662 ], [ 126.260498046875, 41.14337799686912 ], [ 126.2744140625, 41.15277741093162 ], [ 126.284082031250023, 41.16437409061912 ], [ 126.309179687500034, 41.20807526249412 ], [ 126.32080078125, 41.219110418744116 ], [ 126.345800781250034, 41.23786041874412 ], [ 126.35693359375, 41.249627996869116 ], [ 126.38037109375, 41.29108307499412 ], [ 126.39111328125, 41.30365631718162 ], [ 126.440673828125, 41.348651434369117 ], [ 126.47216796875, 41.366717840619117 ], [ 126.5009765625, 41.36627838749412 ], [ 126.497949218750023, 41.36200592655662 ], [ 126.496191406250034, 41.358270574994116 ], [ 126.493554687500023, 41.35504791874412 ], [ 126.487402343750034, 41.352069403119117 ], [ 126.487402343750034, 41.344598699994116 ], [ 126.52197265625, 41.35224030155662 ], [ 126.521875, 41.377801824994116 ], [ 126.5078125, 41.409442449994117 ], [ 126.5009765625, 41.43463776249412 ], [ 126.507226562500023, 41.44745514530662 ], [ 126.5419921875, 41.48920319218162 ], [ 126.558398437499989, 41.53436920780662 ], [ 126.576904296875, 41.562030340619117 ], [ 126.580468750000023, 41.575458074994117 ], [ 126.576904296875, 41.588495184369116 ], [ 126.566162109375, 41.602167059369116 ], [ 126.566796875000023, 41.61432526249412 ], [ 126.601660156250034, 41.64227936405662 ], [ 126.617578125000023, 41.66620514530662 ], [ 126.633691406250023, 41.66889069218162 ], [ 126.6689453125, 41.667352606244116 ], [ 126.679785156250034, 41.672137762494117 ], [ 126.7119140625, 41.694452215619116 ], [ 126.7275390625, 41.70148346561912 ], [ 126.7138671875, 41.710223699994117 ], [ 126.699316406250034, 41.716669012494116 ], [ 126.686914062500023, 41.72431061405662 ], [ 126.679101562500023, 41.73627350468162 ], [ 126.696533203125, 41.74152252811912 ], [ 126.712158203125, 41.74152252811912 ], [ 126.726953125000023, 41.737176824994116 ], [ 126.7412109375, 41.72943756718162 ], [ 126.771093750000034, 41.70477936405662 ], [ 126.788183593750034, 41.696161199994116 ], [ 126.795800781250023, 41.70526764530662 ], [ 126.808496093750023, 41.73004791874412 ], [ 126.864355468750034, 41.74750397343162 ], [ 126.877197265625, 41.773797918744116 ], [ 126.886816406250034, 41.785174871869117 ], [ 126.908203125, 41.796405340619117 ], [ 126.929589843750023, 41.80133698124412 ], [ 126.939160156250011, 41.79401276249412 ], [ 126.9404296875, 41.771991278119117 ], [ 126.94580078125, 41.76642487186912 ], [ 126.958300781249989, 41.76703522343162 ], [ 126.980859375000023, 41.763544012494116 ], [ 127.03271484375, 41.73187897343162 ], [ 127.042236328125, 41.73285553593162 ], [ 127.046484375000034, 41.71954987186912 ], [ 127.067968750000034, 41.693866278119117 ], [ 127.076416015625, 41.681024481244116 ], [ 127.059277343750011, 41.682489324994116 ], [ 127.048583984375, 41.677997137494117 ], [ 127.045019531250034, 41.668231512494117 ], [ 127.049072265625, 41.653680731244116 ], [ 127.058691406250034, 41.643573309369117 ], [ 127.073828125000034, 41.63593170780662 ], [ 127.104296874999989, 41.62641022343162 ], [ 127.1015625, 41.622577215619117 ], [ 127.096923828125, 41.61273834843162 ], [ 127.113671875000023, 41.61066315311912 ], [ 127.165722656250011, 41.595233465619117 ], [ 127.179443359375, 41.58539459843162 ], [ 127.157470703125, 41.578876043744117 ], [ 127.13623046875, 41.569452215619116 ], [ 127.11767578125, 41.556024481244116 ], [ 127.104296874999989, 41.53766510624412 ], [ 127.11181640625, 41.53693268436912 ], [ 127.12060546875, 41.535028387494116 ], [ 127.1279296875, 41.53180573124412 ], [ 127.134375, 41.52228424686912 ], [ 127.14208984375, 41.52411530155662 ], [ 127.155517578125, 41.53082916874412 ], [ 127.164794921875, 41.52875397343162 ], [ 127.170117187500011, 41.52411530155662 ], [ 127.174072265625, 41.51947662968162 ], [ 127.179443359375, 41.51715729374412 ], [ 127.18701171875, 41.52167389530662 ], [ 127.200097656250023, 41.54230377811912 ], [ 127.206738281250011, 41.54621002811912 ], [ 127.2216796875, 41.541034246869117 ], [ 127.244140625, 41.52826569218162 ], [ 127.2578125, 41.52570221561912 ], [ 127.26708984375, 41.52753327030662 ], [ 127.2744140625, 41.53070709843162 ], [ 127.28125, 41.53131744999412 ], [ 127.288671875000034, 41.52570221561912 ], [ 127.289453125000023, 41.518817449994117 ], [ 127.283300781250034, 41.51239655155662 ], [ 127.27490234375, 41.507586981244117 ], [ 127.268847656250045, 41.50519440311912 ], [ 127.286035156250023, 41.49921295780662 ], [ 127.304785156250034, 41.494891668744117 ], [ 127.343847656250034, 41.49152252811912 ], [ 127.353515625, 41.492938543744117 ], [ 127.370898437500045, 41.498309637494117 ], [ 127.378662109375, 41.499042059369117 ], [ 127.38818359375, 41.49628327030662 ], [ 127.3955078125, 41.491571356244116 ], [ 127.400976562500034, 41.487079168744117 ], [ 127.40478515625, 41.484735418744116 ], [ 127.42724609375, 41.48334381718162 ], [ 127.442773437500023, 41.488299871869117 ], [ 127.456738281250011, 41.494989324994116 ], [ 127.4736328125, 41.499042059369117 ], [ 127.49072265625, 41.495624090619117 ], [ 127.508056640625, 41.48834869999412 ], [ 127.525390625, 41.48456452030662 ], [ 127.54248046875, 41.49152252811912 ], [ 127.54443359375, 41.46906159061912 ], [ 127.55859375, 41.458514715619117 ], [ 127.597070312500023, 41.45062897343162 ], [ 127.63037109375, 41.43305084843162 ], [ 127.63818359375, 41.43012116093162 ], [ 127.646679687500011, 41.43317291874412 ], [ 127.65771484375, 41.446795965619117 ], [ 127.662353515625, 41.44721100468162 ], [ 127.68994140625, 41.43915436405662 ], [ 127.784423828125, 41.437127996869116 ], [ 127.81005859375, 41.44379303593162 ], [ 127.828515625000023, 41.43414948124412 ], [ 127.848535156250023, 41.43158600468162 ], [ 127.86474609375, 41.437616278119116 ], [ 127.871484375000023, 41.453973699994116 ], [ 127.88125, 41.46112702030662 ], [ 127.9033203125, 41.46649811405662 ], [ 127.94384765625, 41.471063543744116 ], [ 127.973876953125, 41.45062897343162 ], [ 127.984277343750023, 41.454217840619116 ], [ 127.992431640625, 41.46137116093162 ], [ 128.001220703125, 41.471063543744116 ], [ 128.01220703125, 41.460321356244116 ], [ 128.012939453125, 41.44257233280662 ], [ 128.011328125000034, 41.42462799686912 ], [ 128.014892578125, 41.41351959843162 ], [ 128.023535156250034, 41.411737371869116 ], [ 128.033300781250034, 41.413934637494116 ], [ 128.050195312500023, 41.42096588749412 ], [ 128.046484375000034, 41.39899323124412 ], [ 128.06396484375, 41.38861725468162 ], [ 128.087890625, 41.389178778119117 ], [ 128.103613281250034, 41.39984772343162 ], [ 128.117919921875, 41.39362213749412 ], [ 128.103613281250034, 41.37933991093162 ], [ 128.145898437500023, 41.37653229374412 ], [ 128.185302734375, 41.40473053593162 ], [ 128.287353515625, 41.544940496869117 ], [ 128.302734375, 41.58368561405662 ], [ 128.283105468750023, 41.60529205936912 ], [ 128.28125, 41.62323639530662 ], [ 128.268652343750034, 41.64362213749412 ], [ 128.250585937500034, 41.660419012494117 ], [ 128.223876953125, 41.669696356244117 ], [ 128.185644531250034, 41.69318268436912 ], [ 128.158789062500034, 41.712030340619116 ], [ 128.154541015625, 41.73395416874412 ], [ 128.14404296875, 41.754999090619116 ], [ 128.096582031250023, 41.82282135624412 ], [ 128.090722656250023, 41.84198639530662 ], [ 128.090576171875, 41.859149481244117 ], [ 128.100830078125, 41.87579987186912 ], [ 128.099707031250034, 41.88886139530662 ], [ 128.093994140625, 41.901727606244116 ], [ 128.090576171875, 41.917499090619117 ] ], [ [ 124.370214843750034, 40.098260809369116 ], [ 124.38525390625, 40.11066315311912 ], [ 124.52783203125, 40.214374090619117 ], [ 124.531982421875, 40.21625397343162 ], [ 124.542871093750023, 40.21784088749412 ], [ 124.54833984375, 40.22113678593162 ], [ 124.549902343750034, 40.224969793744116 ], [ 124.551513671875, 40.23639557499412 ], [ 124.554443359375, 40.24164459843162 ], [ 124.570556640625, 40.25263092655662 ], [ 124.61083984375, 40.27240631718162 ], [ 124.626855468750023, 40.28632233280662 ], [ 124.642187500000034, 40.29450104374412 ], [ 124.692578125000011, 40.30304596561912 ], [ 124.712158203125, 40.31049225468162 ], [ 124.722949218749989, 40.32697174686912 ], [ 124.73095703125, 40.349969793744116 ], [ 124.740820312500034, 40.37055084843162 ], [ 124.756591796875, 40.37946198124412 ], [ 124.779541015625, 40.38373444218162 ], [ 124.800537109375, 40.394305731244117 ], [ 124.849511718750023, 40.43183014530662 ], [ 124.883496093750011, 40.46576569218162 ], [ 124.890234375000034, 40.47809479374412 ], [ 124.895117187500034, 40.483905340619117 ], [ 124.9052734375, 40.47675202030662 ], [ 124.914941406250023, 40.46613190311912 ], [ 124.917675781250011, 40.46137116093162 ], [ 124.925683593750023, 40.458124090619116 ], [ 124.93505859375, 40.455829168744117 ], [ 124.959228515625, 40.45392487186912 ] ] ] } },
{ "type": "Feature", "properties": { "dissolve": "781River", "scalerank": 8, "featurecla": "River", "name": "Daling", "name_alt": null, "rivernum": 781, "note": null, "min_zoom": 7.0, "name_en": "Daling", "min_label": 8.0, "ne_id": 1159127347, "label": "Daling", "wikidataid": "Q5366081", "name_ar": "دالينغ", "name_bn": "দালিং", "name_de": "Daling", "name_es": "Daling", "name_fr": "Daling", "name_el": "Ντάλινγκ", "name_hi": "डालिंग", "name_hu": "Daling", "name_id": "Daling", "name_it": "Daling", "name_ja": "大凌河", "name_ko": "다링허", "name_nl": "Daling", "name_pl": "Daling", "name_pt": "Daling", "name_ru": "Далинхэ", "name_sv": "Daling He", "name_tr": "Daling", "name_vi": "Sông Daling", "name_zh": "大凌河", "name_fa": "دالینگ", "name_he": "דאלינג", "name_uk": "Далінг", "name_ur": "ڈالنگ", "name_zht": "大凌河" }, "geometry": { "type": "LineString", "coordinates": [ [ 118.978906250000023, 41.13410065311912 ], [ 119.033203125, 41.14960358280662 ], [ 119.166015625, 41.15753815311912 ], [ 119.177148437500023, 41.155145574994116 ], [ 119.188867187500023, 41.15094635624412 ], [ 119.200439453125, 41.149188543744117 ], [ 119.211035156250034, 41.15375397343162 ], [ 119.21875, 41.163690496869116 ], [ 119.227294921875, 41.18329498905662 ], [ 119.23486328125, 41.191669012494117 ], [ 119.240332031250034, 41.193719793744116 ], [ 119.255468750000034, 41.19562409061912 ], [ 119.26220703125, 41.19782135624412 ], [ 119.266015625000023, 41.200946356244117 ], [ 119.274658203125, 41.210321356244116 ], [ 119.27587890625, 41.21210358280662 ], [ 119.317578125000011, 41.21723053593162 ], [ 119.34423828125, 41.23065827030662 ], [ 119.369140625, 41.234149481244117 ], [ 119.394433593750023, 41.23224518436912 ], [ 119.4130859375, 41.22516510624412 ], [ 119.417871093750023, 41.21796295780662 ], [ 119.422949218750034, 41.19830963749412 ], [ 119.4267578125, 41.191669012494117 ], [ 119.43505859375, 41.186883856244116 ], [ 119.445068359375, 41.18475983280662 ], [ 119.48291015625, 41.18305084843162 ], [ 119.494042968750023, 41.18048737186912 ], [ 119.50439453125, 41.178338934369116 ], [ 119.515722656250034, 41.177362371869116 ], [ 119.529541015625, 41.17426178593162 ], [ 119.538964843750023, 41.16669342655662 ], [ 119.547119140625, 41.15766022343162 ], [ 119.55712890625, 41.150018621869116 ], [ 119.590429687500034, 41.14105866093162 ], [ 119.610058593750011, 41.13837311405662 ], [ 119.621191406250034, 41.13983795780662 ], [ 119.630859375, 41.146014715619117 ], [ 119.662695312500034, 41.16095612186912 ], [ 119.672460937500034, 41.163690496869116 ], [ 119.684960937500023, 41.15778229374412 ], [ 119.703710937500034, 41.13471100468162 ], [ 119.7177734375, 41.12958405155662 ], [ 119.732421875, 41.12738678593162 ], [ 119.762792968750034, 41.11749909061912 ], [ 119.779296875, 41.11530182499412 ], [ 119.79150390625, 41.12140534061912 ], [ 119.823974609375, 41.15753815311912 ], [ 119.850488281250023, 41.173456121869116 ], [ 119.861230468750023, 41.18268463749412 ], [ 119.865625, 41.19476959843162 ], [ 119.87109375, 41.20465729374412 ], [ 119.884521484375, 41.211786199994116 ], [ 119.900390625, 41.218036199994117 ], [ 119.913281250000011, 41.22516510624412 ], [ 119.914794921875, 41.231463934369117 ], [ 119.91259765625, 41.24933502811912 ], [ 119.916796874999989, 41.25311920780662 ], [ 119.924902343750034, 41.25446198124412 ], [ 119.933203125000034, 41.25800202030662 ], [ 119.947363281250034, 41.266717840619116 ], [ 119.93994140625, 41.28131744999412 ], [ 119.942773437500023, 41.29389069218162 ], [ 119.951416015625, 41.304950262494117 ], [ 119.994335937500011, 41.342889715619116 ], [ 119.9990234375, 41.34808991093162 ], [ 120.077734375000034, 41.39484284061912 ], [ 120.091552734375, 41.40704987186912 ], [ 120.10791015625, 41.41254303593162 ], [ 120.20751953125, 41.43060944218162 ], [ 120.269238281250011, 41.42694733280662 ], [ 120.298925781250034, 41.431756903119116 ], [ 120.296875, 41.45172760624412 ], [ 120.337158203125, 41.46857330936912 ], [ 120.376953125, 41.492303778119116 ], [ 120.412695312500034, 41.51923248905662 ], [ 120.44091796875, 41.545672918744117 ], [ 120.444921875000034, 41.54743073124412 ], [ 120.4560546875, 41.54828522343162 ], [ 120.46142578125, 41.551874090619116 ], [ 120.46240234375, 41.556170965619117 ], [ 120.460693359375, 41.567743231244116 ], [ 120.46142578125, 41.57233307499412 ], [ 120.468994140625, 41.593866278119116 ], [ 120.474609375, 41.60285065311912 ], [ 120.4853515625, 41.60651276249412 ], [ 120.505078125000011, 41.60980866093162 ], [ 120.54833984375, 41.624286199994117 ], [ 120.5712890625, 41.627557684369116 ], [ 120.646386718750023, 41.606561590619116 ], [ 120.6640625, 41.610223699994116 ], [ 120.670312500000023, 41.61591217655662 ], [ 120.691015625000034, 41.63068268436912 ], [ 120.715039062500011, 41.65497467655662 ], [ 120.72265625, 41.661151434369117 ], [ 120.8544921875, 41.73627350468162 ], [ 120.87841796875, 41.74567291874412 ], [ 120.89892578125, 41.74957916874412 ], [ 120.94677734375, 41.749872137494116 ], [ 120.9755859375, 41.74408600468162 ], [ 120.985058593750011, 41.72858307499412 ], [ 120.988476562500011, 41.706561590619117 ], [ 120.998632812500034, 41.681024481244116 ], [ 121.01416015625, 41.66132233280662 ], [ 121.05625, 41.62299225468162 ], [ 121.062255859375, 41.61322662968162 ], [ 121.064697265625, 41.605731512494117 ], [ 121.069921875000034, 41.600848699994117 ], [ 121.083886718750023, 41.59906647343162 ], [ 121.098730468750034, 41.595331121869116 ], [ 121.099511718750023, 41.586200262494117 ], [ 121.095117187500023, 41.57477448124412 ], [ 121.09423828125, 41.564325262494116 ], [ 121.110058593750011, 41.54401276249412 ], [ 121.125390625000023, 41.54865143436912 ], [ 121.14208984375, 41.560321356244117 ], [ 121.1625, 41.56122467655662 ], [ 121.175195312500023, 41.558954168744116 ], [ 121.204003906250023, 41.55914948124412 ], [ 121.21435546875, 41.55438873905662 ], [ 121.22314453125, 41.54816315311912 ], [ 121.247656250000034, 41.54010651249412 ], [ 121.283300781250034, 41.53351471561912 ], [ 121.354296874999989, 41.53082916874412 ], [ 121.3662109375, 41.528680731244116 ], [ 121.3857421875, 41.519305731244117 ], [ 121.39208984375, 41.51715729374412 ], [ 121.39501953125, 41.51227448124412 ], [ 121.418212890625, 41.49188873905662 ], [ 121.422460937500034, 41.48920319218162 ], [ 121.431396484375, 41.46796295780662 ], [ 121.432519531250023, 41.44660065311912 ], [ 121.42626953125, 41.42682526249412 ], [ 121.41259765625, 41.410419012494117 ], [ 121.403076171875, 41.393085028119117 ], [ 121.396679687500011, 41.34467194218162 ], [ 121.388427734375, 41.32477448124412 ], [ 121.37255859375, 41.312860418744116 ], [ 121.354736328125, 41.30377838749412 ], [ 121.33984375, 41.290643621869116 ], [ 121.333740234375, 41.26642487186912 ], [ 121.3359375, 41.240594793744116 ], [ 121.342675781250023, 41.223163153119117 ], [ 121.353515625, 41.20954010624412 ], [ 121.367919921875, 41.19501373905662 ], [ 121.402587890625, 41.135370184369116 ], [ 121.445214843750023, 41.11456940311912 ], [ 121.482519531250034, 41.10809967655662 ], [ 121.495214843750034, 41.103534246869117 ], [ 121.505078125000011, 41.09821198124412 ], [ 121.6005859375, 41.010272528119117 ], [ 121.606054687500034, 41.001727606244117 ], [ 121.611523437500011, 40.979022528119117 ], [ 121.619726562500034, 40.97308991093162 ], [ 121.629199218749989, 40.969256903119117 ], [ 121.635937500000011, 40.96161530155662 ], [ 121.634960937500011, 40.93256256718162 ], [ 121.616308593750034, 40.900262762494116 ], [ 121.588623046875, 40.86957428593162 ], [ 121.565039062500034, 40.84870026249412 ] ] } },
{ "type": "Feature", "properties": { "dissolve": "246River", "scalerank": 6, "featurecla": "River", "name": "Liao", "name_alt": null, "rivernum": 246, "note": null, "min_zoom": 5.0, "name_en": "Liao", "min_label": 6.0, "ne_id": 1159114785, "label": "Liao", "wikidataid": "Q559661", "name_ar": "نهر لياو", "name_bn": "লিয়াও নদী", "name_de": "Liao He", "name_es": "Liao", "name_fr": "Liao", "name_el": "Λιάο", "name_hi": "लियाओ नदी", "name_hu": "Liao", "name_id": "Liao", "name_it": "Liao", "name_ja": "遼河", "name_ko": "랴오허", "name_nl": "Liao", "name_pl": "Liao He", "name_pt": "Liao", "name_ru": "Ляохэ", "name_sv": "Liaohe", "name_tr": "Liao", "name_vi": "Liêu Hà", "name_zh": "辽河", "name_fa": "رود لیائو", "name_he": "ליאו", "name_uk": "Ляохе", "name_ur": "لیاؤ", "name_zht": "遼河" }, "geometry": { "type": "LineString", "coordinates": [ [ 123.553955078125, 43.48346588749412 ], [ 123.603125, 43.43964264530662 ], [ 123.609277343750023, 43.42511627811912 ], [ 123.614843750000034, 43.40363190311912 ], [ 123.6259765625, 43.387323309369116 ], [ 123.6337890625, 43.37018463749412 ], [ 123.629003906250034, 43.34638092655662 ], [ 123.616308593750034, 43.33344147343162 ], [ 123.598046875000023, 43.32355377811912 ], [ 123.581640625000034, 43.312127996869116 ], [ 123.574462890625, 43.294794012494116 ], [ 123.572021484375, 43.273944403119117 ], [ 123.547949218750034, 43.18488190311912 ], [ 123.547119140625, 43.17499420780662 ], [ 123.550097656249989, 43.17719147343162 ], [ 123.551171875000023, 43.17829010624412 ], [ 123.551855468750034, 43.179461981244117 ], [ 123.553955078125, 43.18183014530662 ], [ 123.560791015625, 43.17499420780662 ], [ 123.551171875000023, 43.157977606244117 ], [ 123.539648437500034, 43.08563873905662 ], [ 123.53125, 43.072626043744116 ], [ 123.520263671875, 43.060174871869116 ], [ 123.51513671875, 43.04755280155662 ], [ 123.527148437499989, 43.02521393436912 ], [ 123.5244140625, 43.00116608280662 ], [ 123.526562500000011, 42.99005768436912 ], [ 123.526562500000011, 42.99628327030662 ], [ 123.530957031250011, 42.98407623905662 ], [ 123.549707031250023, 42.96784088749412 ], [ 123.553955078125, 42.95868561405662 ], [ 123.558496093750023, 42.95368073124412 ], [ 123.580175781250034, 42.946893621869116 ], [ 123.588134765625, 42.942254949994116 ], [ 123.589941406250034, 42.93512604374412 ], [ 123.583740234375, 42.923211981244116 ], [ 123.589111328125, 42.89887116093162 ], [ 123.5927734375, 42.835809637494116 ], [ 123.601757812500011, 42.818719793744116 ], [ 123.590429687500034, 42.802264715619117 ], [ 123.584716796875, 42.77716705936912 ], [ 123.570996093750011, 42.760370184369116 ], [ 123.566162109375, 42.74603912968162 ], [ 123.571386718750034, 42.73004791874412 ], [ 123.573828125000034, 42.714715887494116 ], [ 123.560791015625, 42.702020574994116 ], [ 123.5703125, 42.69122955936912 ], [ 123.573339843750034, 42.68598053593162 ], [ 123.574462890625, 42.67816803593162 ], [ 123.579003906250023, 42.67426178593162 ], [ 123.600830078125, 42.675555731244117 ], [ 123.609277343750023, 42.67475006718162 ], [ 123.615478515625, 42.66815827030662 ], [ 123.625244140625, 42.647088934369116 ], [ 123.632421875000034, 42.63751862186912 ], [ 123.649511718750034, 42.620135809369117 ], [ 123.654541015625, 42.617694403119117 ], [ 123.66796875, 42.613299871869117 ], [ 123.694042968750011, 42.59723541874412 ], [ 123.6953125, 42.59076569218162 ], [ 123.683691406250034, 42.57916901249412 ], [ 123.705175781250034, 42.57013580936912 ], [ 123.76220703125, 42.53449127811912 ], [ 123.773681640625, 42.52081940311912 ], [ 123.768945312500023, 42.498163153119116 ], [ 123.766796875000011, 42.496600653119117 ], [ 123.773535156250034, 42.489276434369117 ], [ 123.780957031250011, 42.48700592655662 ], [ 123.7880859375, 42.48615143436912 ], [ 123.793554687500034, 42.482928778119117 ], [ 123.800976562500011, 42.46967194218162 ], [ 123.8046875, 42.45514557499412 ], [ 123.802978515625, 42.44086334843162 ], [ 123.793554687500034, 42.42829010624412 ], [ 123.8076171875, 42.41181061405662 ], [ 123.831152343750034, 42.411493231244116 ], [ 123.853271484375, 42.41705963749412 ], [ 123.863037109375, 42.41779205936912 ], [ 123.86767578125, 42.411981512494116 ], [ 123.8896484375, 42.405780340619117 ], [ 123.897216796875, 42.400409246869117 ], [ 123.8994140625, 42.389178778119117 ], [ 123.894628906250034, 42.37946198124412 ], [ 123.862060546875, 42.34491608280662 ], [ 123.831640625000034, 42.32611725468162 ], [ 123.818115234375, 42.31476471561912 ], [ 123.798730468750023, 42.30499909061912 ], [ 123.757080078125, 42.30597565311912 ], [ 123.738867187500034, 42.291131903119116 ], [ 123.727294921875, 42.30145905155662 ], [ 123.706738281250011, 42.306512762494116 ], [ 123.68359375, 42.307391668744117 ], [ 123.663818359375, 42.304803778119116 ], [ 123.647656250000011, 42.29816315311912 ], [ 123.635156250000023, 42.287372137494117 ], [ 123.626855468750023, 42.27326080936912 ], [ 123.622802734375, 42.25641510624412 ], [ 123.612597656249989, 42.262713934369117 ], [ 123.603613281250034, 42.263544012494116 ], [ 123.595703125, 42.260858465619116 ], [ 123.588134765625, 42.25641510624412 ], [ 123.557373046875, 42.20990631718162 ], [ 123.533300781250034, 42.19647858280662 ], [ 123.485742187500023, 42.181268621869116 ], [ 123.44287109375, 42.17340729374412 ], [ 123.422460937500034, 42.16705963749412 ], [ 123.4072265625, 42.15741608280662 ], [ 123.39990234375, 42.150262762494116 ], [ 123.392333984375, 42.14472077030662 ], [ 123.3837890625, 42.14105866093162 ], [ 123.372802734375, 42.13971588749412 ], [ 123.366455078125, 42.14166901249412 ], [ 123.363378906250034, 42.146356512494116 ], [ 123.361718750000023, 42.152215887494116 ], [ 123.359082031250011, 42.15741608280662 ], [ 123.351757812500011, 42.161249090619116 ], [ 123.345312500000034, 42.15912506718162 ], [ 123.33984375, 42.15534088749412 ], [ 123.33544921875, 42.15399811405662 ], [ 123.2724609375, 42.172479559369116 ], [ 123.249267578125, 42.17450592655662 ], [ 123.239843750000034, 42.17230866093162 ], [ 123.2177734375, 42.162958074994116 ], [ 123.195556640625, 42.15863678593162 ], [ 123.1904296875, 42.15265534061912 ], [ 123.186425781250023, 42.14398834843162 ], [ 123.17724609375, 42.13349030155662 ], [ 123.160546875000023, 42.124530340619117 ], [ 123.141357421875, 42.12055084843162 ], [ 123.098388671875, 42.119891668744117 ], [ 123.089648437499989, 42.11762116093162 ], [ 123.07373046875, 42.10785553593162 ], [ 123.051660156250023, 42.10175202030662 ], [ 123.046630859375, 42.092645574994116 ], [ 123.042675781250011, 42.08161041874412 ], [ 123.033203125, 42.07208893436912 ], [ 123.0205078125, 42.06879303593162 ], [ 122.9912109375, 42.06842682499412 ], [ 122.977929687500023, 42.06525299686912 ], [ 122.968164062500023, 42.06049225468162 ], [ 122.960351562500023, 42.05499909061912 ], [ 122.959863281250023, 42.049432684369116 ], [ 122.9716796875, 42.04413483280662 ], [ 122.950439453125, 42.00922272343162 ], [ 122.936914062500023, 41.992694403119117 ], [ 122.924560546875, 41.982684637494117 ], [ 122.926513671875, 41.97907135624412 ], [ 122.930761718750034, 41.969012762494117 ], [ 122.919677734375, 41.969842840619116 ], [ 122.908935546875, 41.96930573124412 ], [ 122.89892578125, 41.966913153119116 ], [ 122.889892578125, 41.96222565311912 ], [ 122.90673828125, 41.95075104374412 ], [ 122.924560546875, 41.941669012494117 ], [ 122.914257812500011, 41.923700262494116 ], [ 122.894775390625, 41.90228912968162 ], [ 122.872949218750023, 41.88507721561912 ], [ 122.85498046875, 41.879657293744117 ], [ 122.862597656249989, 41.872821356244117 ], [ 122.853759765625, 41.86066315311912 ], [ 122.8427734375, 41.84967682499412 ], [ 122.82958984375, 41.84003327030662 ], [ 122.814697265625, 41.83185455936912 ], [ 122.805566406250023, 41.831073309369117 ], [ 122.7939453125, 41.83197662968162 ], [ 122.7841796875, 41.830340887494117 ], [ 122.780029296875, 41.82160065311912 ], [ 122.778222656250023, 41.81464264530662 ], [ 122.773339843750023, 41.807977606244116 ], [ 122.7666015625, 41.802020574994117 ], [ 122.7587890625, 41.79706452030662 ], [ 122.778710937500023, 41.79108307499412 ], [ 122.786816406250011, 41.790887762494116 ], [ 122.76904296875, 41.77204010624412 ], [ 122.766210937500034, 41.766961981244116 ], [ 122.772656250000011, 41.750506903119117 ], [ 122.7744140625, 41.740594793744116 ], [ 122.769628906250034, 41.73627350468162 ], [ 122.74375, 41.73419830936912 ], [ 122.738476562500011, 41.72724030155662 ], [ 122.7412109375, 41.71442291874412 ], [ 122.739013671875, 41.69464752811912 ], [ 122.72900390625, 41.68451569218162 ], [ 122.697265625, 41.669696356244117 ], [ 122.690673828125, 41.663934637494116 ], [ 122.6943359375, 41.63617584843162 ], [ 122.69482421875, 41.618670965619117 ], [ 122.690673828125, 41.60529205936912 ], [ 122.69482421875, 41.60126373905662 ], [ 122.69970703125, 41.59198639530662 ], [ 122.704199218750034, 41.58539459843162 ], [ 122.662353515625, 41.552606512494116 ], [ 122.643652343750034, 41.53143952030662 ], [ 122.635937500000011, 41.50629303593162 ], [ 122.6337890625, 41.49298737186912 ], [ 122.62451171875, 41.47077057499412 ], [ 122.622314453125, 41.45819733280662 ], [ 122.624121093750034, 41.44537994999412 ], [ 122.629003906250034, 41.43781159061912 ], [ 122.635498046875, 41.431170965619117 ], [ 122.642822265625, 41.42096588749412 ], [ 122.630468750000034, 41.415155340619116 ], [ 122.63623046875, 41.40521881718162 ], [ 122.648681640625, 41.39276764530662 ], [ 122.656347656250034, 41.37933991093162 ], [ 122.654199218750023, 41.37921784061912 ], [ 122.645410156250023, 41.36456940311912 ], [ 122.642822265625, 41.358905340619117 ], [ 122.639062500000023, 41.33319733280662 ], [ 122.635937500000011, 41.32477448124412 ], [ 122.641796875000011, 41.30573151249412 ], [ 122.620703125000034, 41.285028387494116 ], [ 122.567138671875, 41.256463934369116 ], [ 122.540283203125, 41.249627996869116 ], [ 122.533398437500011, 41.24506256718162 ], [ 122.5234375, 41.23297760624412 ], [ 122.519238281250011, 41.22919342655662 ], [ 122.477148437500034, 41.199579168744116 ], [ 122.4677734375, 41.19501373905662 ], [ 122.453320312500011, 41.19281647343162 ], [ 122.43017578125, 41.182977606244116 ], [ 122.412841796875, 41.18073151249412 ], [ 122.397656250000011, 41.17670319218162 ], [ 122.390869140625, 41.166278387494117 ], [ 122.388769531250034, 41.15204498905662 ], [ 122.388916015625, 41.13666412968162 ], [ 122.401562500000011, 41.09821198124412 ], [ 122.405957031250011, 41.09198639530662 ], [ 122.414794921875, 41.08600494999412 ], [ 122.414257812500011, 41.07184479374412 ], [ 122.40869140625, 41.055536199994116 ], [ 122.402587890625, 41.04291412968162 ], [ 122.407812500000034, 41.03595612186912 ], [ 122.40966796875, 41.026385809369117 ], [ 122.409423828125, 41.00263092655662 ], [ 122.341796875, 40.99579498905662 ], [ 122.34375, 40.983514715619116 ], [ 122.343017578125, 40.962518621869116 ], [ 122.339941406250034, 40.940936590619117 ], [ 122.3349609375, 40.926874090619116 ], [ 122.3232421875, 40.94245026249412 ], [ 122.318603515625, 40.93683502811912 ], [ 122.313720703125, 40.906366278119116 ], [ 122.3046875, 40.89215729374412 ], [ 122.292089843750034, 40.87787506718162 ], [ 122.2783203125, 40.86591217655662 ], [ 122.26611328125, 40.85858795780662 ], [ 122.260498046875, 40.85980866093162 ], [ 122.252636718750011, 40.86359284061912 ], [ 122.244042968750023, 40.86579010624412 ], [ 122.2353515625, 40.86200592655662 ], [ 122.228906250000023, 40.855731512494117 ], [ 122.2236328125, 40.85248444218162 ], [ 122.21630859375, 40.85150787968162 ], [ 122.203857421875, 40.85175202030662 ], [ 122.194433593750034, 40.863299871869117 ], [ 122.186914062500023, 40.86945221561912 ], [ 122.180419921875, 40.86884186405662 ], [ 122.173583984375, 40.861102606244117 ], [ 122.170117187500011, 40.85492584843162 ], [ 122.1708984375, 40.849725653119116 ], [ 122.17724609375, 40.84491608280662 ], [ 122.12548828125, 40.82514069218162 ], [ 122.1103515625, 40.80853912968162 ], [ 122.115234375, 40.78351471561912 ], [ 122.14453125, 40.75946686405662 ], [ 122.163964843750023, 40.75055573124412 ], [ 122.181542968750023, 40.72528717655662 ], [ 122.19091796875, 40.71527741093162 ], [ 122.242089843750023, 40.702655340619117 ], [ 122.258496093750011, 40.693475653119116 ], [ 122.23876953125, 40.68048737186912 ], [ 122.209863281250023, 40.68268463749412 ], [ 122.165429687500023, 40.71002838749412 ], [ 122.15625, 40.70160553593162 ] ] } },
{ "type": "Feature", "properties": { "dissolve": "1108River", "scalerank": 9, "featurecla": "River", "name": "Tumen", "name_alt": null, "rivernum": 1108, "note": null, "min_zoom": 7.1, "name_en": "Tumen", "min_label": 8.1, "ne_id": 1159111267, "label": "Tumen", "wikidataid": "Q55499", "name_ar": "نهر تومين", "name_bn": "তুমেন নদী", "name_de": "Tumen", "name_es": "Tumen", "name_fr": "Tumen", "name_el": "Τούμεν", "name_hi": "तूमन नदी", "name_hu": "Tumen", "name_id": "Tumen", "name_it": "Tumen", "name_ja": "豆満江", "name_ko": "두만강", "name_nl": "Tumen", "name_pl": "Tumen", "name_pt": "Tumen", "name_ru": "Туманная", "name_sv": "Tumenfloden", "name_tr": "Tumen", "name_vi": "Đồ Môn", "name_zh": "圖們江", "name_fa": "رود تومن", "name_he": "נהר טומן", "name_uk": "Туманна", "name_ur": "ٹیومین", "name_zht": "圖們江" }, "geometry": { "type": "LineString", "coordinates": [ [ 128.193359375, 41.96222565311912 ], [ 128.264550781250023, 41.95331452030662 ], [ 128.289257812500011, 41.95538971561912 ], [ 128.325585937500023, 41.970233465619117 ], [ 128.36474609375, 41.99152252811912 ], [ 128.407324218750034, 42.00861237186912 ], [ 128.45361328125, 42.010614324994116 ], [ 128.488037109375, 41.997821356244117 ], [ 128.502197265625, 41.996356512494117 ], [ 128.54345703125, 42.008319403119117 ], [ 128.552978515625, 42.00690338749412 ], [ 128.564062500000034, 42.00104401249412 ], [ 128.573339843750034, 42.00458405155662 ], [ 128.58740234375, 42.02020905155662 ], [ 128.597363281250011, 42.02741119999412 ], [ 128.607519531250034, 42.03046295780662 ], [ 128.682226562500034, 42.025995184369116 ], [ 128.708984375, 42.03046295780662 ], [ 128.720605468750023, 42.047870184369117 ], [ 128.816796875000023, 42.04413483280662 ], [ 128.9033203125, 42.02655670780662 ], [ 128.939697265625, 42.03558991093162 ], [ 128.95458984375, 42.075458074994117 ], [ 128.963623046875, 42.08881256718162 ], [ 128.984765625000023, 42.093133856244116 ], [ 129.008691406250023, 42.09528229374412 ], [ 129.026269531250023, 42.102167059369116 ], [ 129.053125, 42.123065496869117 ], [ 129.063232421875, 42.136346746869116 ], [ 129.064453125, 42.15399811405662 ], [ 129.088281250000023, 42.143426824994116 ], [ 129.105175781250011, 42.142352606244117 ], [ 129.11962890625, 42.14960358280662 ], [ 129.147558593750034, 42.173944403119116 ], [ 129.177441406250011, 42.19367096561912 ], [ 129.195996093750011, 42.209491278119117 ], [ 129.203857421875, 42.21454498905662 ], [ 129.2109375, 42.220233465619117 ], [ 129.214111328125, 42.22601959843162 ], [ 129.209082031250034, 42.23493073124412 ], [ 129.186621093750034, 42.23627350468162 ], [ 129.180566406250023, 42.24335358280662 ], [ 129.18310546875, 42.254754949994116 ], [ 129.19189453125, 42.26007721561912 ], [ 129.20263671875, 42.26300690311912 ], [ 129.2109375, 42.26727936405662 ], [ 129.214648437500045, 42.27594635624412 ], [ 129.2138671875, 42.283954168744117 ], [ 129.216015625000011, 42.29132721561912 ], [ 129.227636718750034, 42.297967840619116 ], [ 129.220312500000034, 42.30390045780662 ], [ 129.212304687500023, 42.30805084843162 ], [ 129.203320312500011, 42.31037018436912 ], [ 129.193603515625, 42.31098053593162 ], [ 129.193603515625, 42.31842682499412 ], [ 129.225976562500023, 42.31842682499412 ], [ 129.235937500000034, 42.32416412968162 ], [ 129.241943359375, 42.33893463749412 ], [ 129.239990234375, 42.34430573124412 ], [ 129.23388671875, 42.34674713749412 ], [ 129.228271484375, 42.350458074994116 ], [ 129.227636718750034, 42.35944244999412 ], [ 129.23095703125, 42.367938543744117 ], [ 129.235742187500023, 42.37457916874412 ], [ 129.242773437500034, 42.37897369999412 ], [ 129.29638671875, 42.38751862186912 ], [ 129.303417968750011, 42.38983795780662 ], [ 129.306738281250034, 42.40790436405662 ], [ 129.315136718750011, 42.42255280155662 ], [ 129.326269531250034, 42.42706940311912 ], [ 129.3375, 42.414667059369116 ], [ 129.351757812500011, 42.42084381718162 ], [ 129.343457031250011, 42.429461981244117 ], [ 129.338281250000023, 42.438592840619116 ], [ 129.33984375, 42.445672918744116 ], [ 129.351757812500011, 42.44818756718162 ], [ 129.362890625000034, 42.44525787968162 ], [ 129.371777343750011, 42.43280670780662 ], [ 129.385937500000011, 42.42829010624412 ], [ 129.395117187500034, 42.43048737186912 ], [ 129.405859375000034, 42.43622467655662 ], [ 129.418554687500034, 42.441278387494116 ], [ 129.433837890625, 42.44135162968162 ], [ 129.482177734375, 42.41095612186912 ], [ 129.488476562500011, 42.40277741093162 ], [ 129.516699218750034, 42.39118073124412 ], [ 129.523193359375, 42.38361237186912 ], [ 129.526562500000011, 42.37335846561912 ], [ 129.534912109375, 42.36981842655662 ], [ 129.545019531250034, 42.37152741093162 ], [ 129.553808593750034, 42.37714264530662 ], [ 129.55908203125, 42.387225653119117 ], [ 129.559814453125, 42.39704010624412 ], [ 129.56298828125, 42.40436432499412 ], [ 129.58740234375, 42.411639715619117 ], [ 129.59423828125, 42.422479559369116 ], [ 129.595312500000034, 42.435907293744116 ], [ 129.591406250000034, 42.44818756718162 ], [ 129.63330078125, 42.445672918744116 ], [ 129.6708984375, 42.43817780155662 ], [ 129.703027343750023, 42.44269440311912 ], [ 129.728515625, 42.47614166874412 ], [ 129.7333984375, 42.51203034061912 ], [ 129.73125, 42.55121491093162 ], [ 129.736328125, 42.58539459843162 ], [ 129.7626953125, 42.606463934369117 ], [ 129.7626953125, 42.612665106244116 ], [ 129.745996093750023, 42.615741278119117 ], [ 129.741308593750034, 42.629266668744116 ], [ 129.750683593750011, 42.643182684369116 ], [ 129.7763671875, 42.64740631718162 ], [ 129.77197265625, 42.66193268436912 ], [ 129.778906250000034, 42.67059967655662 ], [ 129.787207031250034, 42.67706940311912 ], [ 129.786376953125, 42.68500397343162 ], [ 129.774121093750011, 42.693622137494117 ], [ 129.76416015625, 42.69708893436912 ], [ 129.75732421875, 42.70392487186912 ], [ 129.75537109375, 42.722528387494116 ], [ 129.756933593750034, 42.73493073124412 ], [ 129.760937500000011, 42.746356512494117 ], [ 129.773046875000034, 42.76715729374412 ], [ 129.789160156250034, 42.792743231244117 ], [ 129.794824218750023, 42.80670807499412 ], [ 129.798828125, 42.83685944218162 ], [ 129.833984375, 42.907733465619117 ], [ 129.841210937500023, 42.91803619999412 ], [ 129.846289062500034, 42.928485418744117 ], [ 129.847265625000034, 42.951532293744116 ], [ 129.8515625, 42.96210358280662 ], [ 129.862890625000034, 42.96930573124412 ], [ 129.89306640625, 42.971795965619116 ], [ 129.90673828125, 42.97638580936912 ], [ 129.8974609375, 42.97894928593162 ], [ 129.889746093750034, 42.983026434369116 ], [ 129.8837890625, 42.98871491093162 ], [ 129.87939453125, 42.99628327030662 ], [ 129.890380859375, 42.99970123905662 ], [ 129.908935546875, 43.00873444218162 ], [ 129.92041015625, 43.01056549686912 ], [ 129.933691406250034, 43.008661199994116 ], [ 129.94140625, 43.00385162968162 ], [ 129.971435546875, 42.97394440311912 ], [ 129.98125, 42.96698639530662 ], [ 129.995507812500023, 42.96210358280662 ], [ 130.008056640625, 42.96076080936912 ], [ 130.046972656250034, 42.96210358280662 ], [ 130.094140625000023, 42.977167059369116 ], [ 130.121337890625, 42.98212311405662 ], [ 130.13330078125, 42.97296784061912 ], [ 130.130273437500023, 42.959735418744117 ], [ 130.122314453125, 42.94354889530662 ], [ 130.111328125, 42.929315496869116 ], [ 130.098535156250023, 42.921747137494116 ], [ 130.14013671875, 42.907342840619116 ], [ 130.193457031250034, 42.908465887494117 ], [ 130.238476562500011, 42.90253327030662 ], [ 130.256103515625, 42.86713287968162 ], [ 130.241943359375, 42.78229401249412 ], [ 130.24267578125, 42.74359772343162 ], [ 130.262304687500034, 42.708856512494116 ], [ 130.31689453125, 42.667596746869116 ], [ 130.324462890625, 42.650506903119116 ], [ 130.392675781250034, 42.606463934369117 ], [ 130.403515625000011, 42.60431549686912 ], [ 130.41259765625, 42.60492584843162 ], [ 130.420117187500011, 42.60455963749412 ], [ 130.427441406250011, 42.599627996869117 ], [ 130.4296875, 42.59174225468162 ], [ 130.425976562500011, 42.57233307499412 ], [ 130.430908203125, 42.561786199994117 ], [ 130.4521484375, 42.54962799686912 ], [ 130.4677734375, 42.555194403119117 ], [ 130.470800781250034, 42.57001373905662 ], [ 130.454833984375, 42.58539459843162 ], [ 130.467480468750011, 42.60065338749412 ], [ 130.48388671875, 42.61029694218162 ], [ 130.501074218750034, 42.610956121869116 ], [ 130.51611328125, 42.599627996869117 ], [ 130.519238281250011, 42.588885809369117 ], [ 130.52490234375, 42.54950592655662 ], [ 130.530517578125, 42.53070709843162 ], [ 130.542382812500023, 42.51080963749412 ], [ 130.544189453125, 42.50653717655662 ], [ 130.545800781250023, 42.49555084843162 ], [ 130.549707031250023, 42.49066803593162 ], [ 130.554443359375, 42.48786041874412 ], [ 130.558496093750023, 42.482928778119117 ], [ 130.575439453125, 42.44599030155662 ], [ 130.587158203125, 42.432245184369116 ], [ 130.605566406250034, 42.42084381718162 ], [ 130.628320312500023, 42.415057684369117 ], [ 130.6455078125, 42.40106842655662 ], [ 130.656347656250034, 42.38349030155662 ], [ 130.660253906250034, 42.35944244999412 ], [ 130.659912109375, 42.33417389530662 ], [ 130.6625, 42.320819403119117 ], [ 130.672753906250023, 42.311395574994116 ], [ 130.7001953125, 42.29511139530662 ] ] } },
{ "type": "Feature", "properties": { "dissolve": "839River", "scalerank": 8, "featurecla": "River", "name": "Erdao", "name_alt": null, "rivernum": 839, "note": null, "min_zoom": 7.0, "name_en": "Erdao", "min_label": 8.0, "ne_id": 1159128029, "label": "Erdao", "wikidataid": null, "name_ar": "إرداو", "name_bn": "এর্দাও", "name_de": "Erdao He", "name_es": "Erdao", "name_fr": "Erdao River", "name_el": "Ερντάο", "name_hi": "एर्दाओ", "name_hu": "Erdao", "name_id": "Erdao", "name_it": "Erdao", "name_ja": "二道河", "name_ko": "에르다오", "name_nl": "Erdao", "name_pl": "Erdao", "name_pt": "Erdao", "name_ru": "река Эрдао", "name_sv": "Erdao", "name_tr": "Erdao", "name_vi": "Sông Erdao", "name_zh": "二道河", "name_fa": "ارادو", "name_he": "אֶרדאו", "name_uk": "Ердао", "name_ur": "ایرداؤ", "name_zht": "二道河" }, "geometry": { "type": "LineString", "coordinates": [ [ 128.111083984375, 42.17072174686912 ], [ 128.107421875, 42.18573639530662 ], [ 128.089111328125, 42.232538153119116 ], [ 128.080322265625, 42.246454168744116 ], [ 128.076562500000023, 42.25433991093162 ], [ 128.07568359375, 42.26581452030662 ], [ 128.076904296875, 42.28778717655662 ], [ 128.055908203125, 42.31842682499412 ], [ 128.071533203125, 42.33649323124412 ], [ 128.0869140625, 42.360126043744117 ], [ 128.098876953125, 42.386102606244116 ], [ 128.112890625000034, 42.465106512494117 ], [ 128.124902343750023, 42.49152252811912 ], [ 128.14208984375, 42.502801824994116 ], [ 128.164941406250023, 42.51154205936912 ], [ 128.179785156250034, 42.53253815311912 ], [ 128.183691406250034, 42.55768463749412 ], [ 128.173242187500023, 42.57916901249412 ], [ 128.14453125, 42.592645574994116 ], [ 128.11767578125, 42.58771393436912 ], [ 128.091015625000011, 42.57660553593162 ], [ 128.063378906250023, 42.57172272343162 ], [ 128.079492187500023, 42.60663483280662 ], [ 128.085693359375, 42.62702057499412 ], [ 128.080322265625, 42.64398834843162 ], [ 128.066992187500034, 42.64459869999412 ], [ 128.0263671875, 42.62531159061912 ], [ 128.011474609375, 42.620135809369117 ], [ 128.00146484375, 42.622577215619117 ], [ 127.996777343750011, 42.62836334843162 ], [ 127.993359375000011, 42.635126043744116 ], [ 127.987597656250045, 42.64057037968162 ], [ 127.97900390625, 42.643182684369116 ], [ 127.9541015625, 42.64740631718162 ], [ 127.9306640625, 42.66339752811912 ], [ 127.919921875, 42.66791412968162 ], [ 127.9091796875, 42.66803619999412 ], [ 127.89892578125, 42.66522858280662 ], [ 127.888671875, 42.66376373905662 ], [ 127.878320312500023, 42.66791412968162 ], [ 127.883496093750011, 42.67352936405662 ], [ 127.88671875, 42.678729559369117 ], [ 127.888916015625, 42.683710028119116 ], [ 127.891992187500023, 42.68842194218162 ], [ 127.87158203125, 42.690692449994117 ], [ 127.857177734375, 42.70038483280662 ], [ 127.846435546875, 42.71430084843162 ], [ 127.83740234375, 42.729364324994116 ], [ 127.846777343750034, 42.72846100468162 ], [ 127.855712890625, 42.725946356244116 ], [ 127.86376953125, 42.721942449994117 ], [ 127.871484375000023, 42.716327215619117 ], [ 127.8671875, 42.730975653119117 ], [ 127.859277343750023, 42.744159246869117 ], [ 127.848046875000023, 42.75360748905662 ], [ 127.833984375, 42.75726959843162 ], [ 127.8349609375, 42.763299871869116 ], [ 127.824316406250034, 42.77680084843162 ], [ 127.802441406250011, 42.79828522343162 ], [ 127.783203125, 42.81232330936912 ], [ 127.770263671875, 42.81696198124412 ], [ 127.75146484375, 42.818719793744116 ], [ 127.7333984375, 42.81842682499412 ], [ 127.716552734375, 42.81549713749412 ], [ 127.70751953125, 42.807245184369116 ], [ 127.713769531250023, 42.79083893436912 ], [ 127.697998046875, 42.778680731244116 ], [ 127.661523437500023, 42.76068756718162 ], [ 127.6455078125, 42.74982330936912 ], [ 127.605566406250034, 42.70294830936912 ], [ 127.53564453125, 42.64057037968162 ], [ 127.491308593750034, 42.63239166874412 ], [ 127.474511718750023, 42.62421295780662 ], [ 127.48046875, 42.606463934369117 ], [ 127.471582031250023, 42.60211823124412 ], [ 127.422119140625, 42.561786199994117 ], [ 127.405029296875, 42.560321356244117 ], [ 127.376074218750034, 42.56745026249412 ] ] } },
{ "type": "Feature", "properties": { "dissolve": "310River", "scalerank": 6, "featurecla": "River", "name": "Xar Moron", "name_alt": null, "rivernum": 310, "note": null, "min_zoom": 5.0, "name_en": "Xar Moron", "min_label": 6.0, "ne_id": 1159116877, "label": "Xar Moron", "wikidataid": "Q1131680", "name_ar": "نهر مورون", "name_bn": "জার মরন", "name_de": "Xar Moron He", "name_es": "Xar Moron", "name_fr": "Shira Mören", "name_el": "Ξαρ Μόρον", "name_hi": "ज़ार मोरोन", "name_hu": "Xar Moron", "name_id": "Xar Moron", "name_it": "Xar Moron", "name_ja": "シラムレン川", "name_ko": "시라무룬허", "name_nl": "Xar Moron", "name_pl": "Xar Moron", "name_pt": "Xar Moron", "name_ru": "Шара-Мурэн", "name_sv": "Xar Moron He", "name_tr": "Xar Moron", "name_vi": "Sông Tây Lạp Mộc Luân", "name_zh": "西拉木伦河", "name_fa": "زار مورون", "name_he": "שאר מורון", "name_uk": "Хар Морон", "name_ur": "زار مورون", "name_zht": "西拉木倫河" }, "geometry": { "type": "LineString", "coordinates": [ [ 118.0, 43.243071882085466 ], [ 118.005859375, 43.24555084843162 ], [ 118.024121093750011, 43.250751043744117 ], [ 118.147070312500034, 43.259881903119116 ], [ 118.167236328125, 43.26703522343162 ], [ 118.202392578125, 43.28424713749412 ], [ 118.250097656250034, 43.29572174686912 ], [ 118.298095703125, 43.29511139530662 ], [ 118.447021484375, 43.27350494999412 ], [ 118.548583984375, 43.27423737186912 ], [ 118.599609375, 43.26373932499412 ], [ 118.624755859375, 43.24713776249412 ], [ 118.6337890625, 43.243280340619116 ], [ 118.647656250000011, 43.24298737186912 ], [ 118.684960937500023, 43.250751043744117 ], [ 119.131591796875, 43.217303778119117 ], [ 119.181738281250034, 43.22345612186912 ], [ 119.245996093750023, 43.25287506718162 ], [ 119.267822265625, 43.256952215619116 ], [ 119.483789062500023, 43.262079168744116 ], [ 119.62060546875, 43.26593659061912 ], [ 120.164257812500011, 43.380145574994117 ], [ 120.341406250000034, 43.37250397343162 ], [ 120.758496093750011, 43.423456121869116 ] ] } },
{ "type": "Feature", "properties": { "dissolve": "646Lake Centerline", "scalerank": 8, "featurecla": "Lake Centerline", "name": "Di’er Songhua", "name_alt": null, "rivernum": 646, "note": null, "min_zoom": 7.0, "name_en": "Songhua", "min_label": 8.0, "ne_id": 1159124255, "label": "Di’er Songhua", "wikidataid": "Q210326", "name_ar": "نهر سونغوا", "name_bn": "সংহুয়া নদী", "name_de": "Songhua", "name_es": "Songhua", "name_fr": "Songhua", "name_el": "Ντι'ερ Σονγκουά", "name_hi": "डायर सोंगहुआ", "name_hu": "Di’er Songhua", "name_id": "Songhua", "name_it": "Songhua", "name_ja": "松花江", "name_ko": "송화강", "name_nl": "Songhua", "name_pl": "Sungari", "name_pt": "Songhua", "name_ru": "Сунгари", "name_sv": "Songhua", "name_tr": "Songhua", "name_vi": "Tùng Hoa", "name_zh": "松花江", "name_fa": "سونگ هوا", "name_he": "דיר סנגואה", "name_uk": "Сунгарі", "name_ur": "دیر سانگھوا", "name_zht": "松花江" }, "geometry": { "type": "LineString", "coordinates": [ [ 126.905029296875, 43.51080963749412 ], [ 126.910546875000023, 43.54120514530662 ], [ 126.90869140625, 43.55658600468162 ], [ 126.90673828125, 43.58222077030662 ], [ 126.904882812500034, 43.595819403119116 ], [ 126.90673828125, 43.609491278119116 ], [ 126.903710937500023, 43.623797918744117 ], [ 126.870996093750023, 43.639764715619116 ], [ 126.849609375, 43.64801666874412 ], [ 126.822363281250034, 43.649676824994117 ], [ 126.791406250000023, 43.65045807499412 ], [ 126.773828125000023, 43.66254303593162 ], [ 126.770263671875, 43.68768952030662 ], [ 126.761962890625, 43.70416901249412 ], [ 126.737890625000034, 43.71124909061912 ], [ 126.711816406250023, 43.71112702030662 ], [ 126.6982421875, 43.70258209843162 ], [ 126.685791015625, 43.69891998905662 ], [ 126.6796875, 43.70258209843162 ], [ 126.678808593750034, 43.70380280155662 ] ] } },
{ "type": "Feature", "properties": { "dissolve": "360River", "scalerank": 6, "featurecla": "River", "name": "Xiliao", "name_alt": null, "rivernum": 360, "note": null, "min_zoom": 5.0, "name_en": "Xiliao", "min_label": 6.0, "ne_id": 1159118017, "label": "Xiliao", "wikidataid": "Q1416521", "name_ar": "زيليو", "name_bn": "জিলিয়াও", "name_de": "Xiliao He", "name_es": "Xiliao", "name_fr": "Xiliao", "name_el": "Ξιλιάο", "name_hi": "ज़िलियाओ", "name_hu": "Xiliao", "name_id": "Xiliao", "name_it": "Xiliao", "name_ja": "西遼河", "name_ko": "시랴오허", "name_nl": "Xiliao", "name_pl": "Xiliao", "name_pt": "Xiliao", "name_ru": "Силяохэ", "name_sv": "Xiliao He", "name_tr": "Xiliao", "name_vi": "Sông Tây Liêu", "name_zh": "西辽河", "name_fa": "زیلیائو", "name_he": "שיליאו", "name_uk": "Сіліао", "name_ur": "زیلاؤ", "name_zht": "西辽河" }, "geometry": { "type": "LineString", "coordinates": [ [ 123.553955078125, 43.48346588749412 ], [ 123.523193359375, 43.517938543744116 ], [ 123.510937500000011, 43.53681061405662 ], [ 123.506103515625, 43.55487702030662 ], [ 123.508203125000023, 43.565692449994117 ], [ 123.5107421875, 43.57184479374412 ], [ 123.509521484375, 43.57746002811912 ], [ 123.5, 43.586542059369116 ], [ 123.489648437500023, 43.59137604374412 ], [ 123.45166015625, 43.59955475468162 ], [ 123.418359375000023, 43.618182684369117 ], [ 123.395605468750034, 43.62384674686912 ], [ 123.380615234375, 43.637958074994117 ], [ 123.372802734375, 43.64118073124412 ], [ 123.314355468750023, 43.64801666874412 ], [ 123.302441406250011, 43.646014715619117 ], [ 123.291601562500034, 43.64276764530662 ], [ 123.2802734375, 43.642108465619117 ], [ 123.2666015625, 43.64801666874412 ], [ 123.259765625, 43.64118073124412 ], [ 123.248632812500034, 43.64630768436912 ], [ 123.234619140625, 43.64850494999412 ], [ 123.22607421875, 43.653827215619117 ], [ 123.23193359375, 43.668475653119117 ], [ 123.20947265625, 43.674823309369117 ], [ 123.142480468750023, 43.70319244999412 ], [ 123.03369140625, 43.72760651249412 ], [ 123.02490234375, 43.73126862186912 ], [ 123.017675781250034, 43.737079168744117 ], [ 123.009375, 43.747333074994117 ], [ 123.007080078125, 43.751971746869117 ], [ 123.00625, 43.75702545780662 ], [ 123.006591796875, 43.76776764530662 ], [ 123.003515625000034, 43.774920965619117 ], [ 122.99658203125, 43.77765534061912 ], [ 122.988476562500011, 43.778827215619117 ], [ 122.981640625000011, 43.78143952030662 ], [ 122.96240234375, 43.79559967655662 ], [ 122.944433593750034, 43.803973699994117 ], [ 122.797119140625, 43.81928131718162 ], [ 122.789941406250023, 43.817254949994116 ], [ 122.77099609375, 43.80817291874412 ], [ 122.7587890625, 43.80560944218162 ], [ 122.7451171875, 43.80707428593162 ], [ 122.722363281250011, 43.816424871869117 ], [ 122.711035156250034, 43.81928131718162 ], [ 122.687597656250034, 43.81525299686912 ], [ 122.652148437499989, 43.790399481244116 ], [ 122.632519531250011, 43.78449127811912 ], [ 122.586181640625, 43.780292059369117 ], [ 122.540283203125, 43.770868231244116 ], [ 122.46826171875, 43.741473699994117 ], [ 122.37841796875, 43.72028229374412 ], [ 122.361523437500011, 43.72370026249412 ], [ 122.251708984375, 43.64118073124412 ], [ 122.193945312500034, 43.58283112186912 ], [ 122.17626953125, 43.56867096561912 ], [ 122.107812500000023, 43.544940496869117 ], [ 122.053320312500034, 43.50958893436912 ], [ 122.036376953125, 43.50397369999412 ], [ 122.014550781250023, 43.50006744999412 ], [ 121.995019531250023, 43.49054596561912 ], [ 121.963769531250023, 43.470477606244117 ], [ 121.919335937500023, 43.45307037968162 ], [ 121.873437500000023, 43.444940496869116 ], [ 121.772656250000011, 43.442499090619116 ], [ 121.574609375000023, 43.470477606244117 ], [ 121.5224609375, 43.470477606244117 ], [ 121.511962890625, 43.473504949994116 ], [ 121.505468750000034, 43.48004791874412 ], [ 121.500585937500034, 43.486688543744116 ], [ 121.4951171875, 43.48969147343162 ], [ 121.4716796875, 43.49396393436912 ], [ 121.43212890625, 43.51557037968162 ], [ 121.408789062500034, 43.52448151249412 ], [ 121.3603515625, 43.53400299686912 ], [ 121.159277343750034, 43.53815338749412 ], [ 121.147656250000011, 43.536004949994116 ], [ 121.127832031250023, 43.52655670780662 ], [ 121.1181640625, 43.52448151249412 ], [ 121.01904296875, 43.52448151249412 ], [ 120.974609375, 43.516620184369117 ], [ 120.819726562500023, 43.468280340619117 ], [ 120.803417968750011, 43.45746491093162 ], [ 120.775097656250011, 43.431659246869117 ], [ 120.758496093750011, 43.423456121869116 ] ] } },
{ "type": "Feature", "properties": { "dissolve": "646River", "scalerank": 8, "featurecla": "River", "name": "Di’er Songhua", "name_alt": null, "rivernum": 646, "note": null, "min_zoom": 7.0, "name_en": "Songhua", "min_label": 8.0, "ne_id": 1159124271, "label": "Di’er Songhua", "wikidataid": "Q210326", "name_ar": "نهر سونغوا", "name_bn": "সংহুয়া নদী", "name_de": "Songhua", "name_es": "Songhua", "name_fr": "Songhua", "name_el": "Ντι'ερ Σονγκουά", "name_hi": "डायर सोंगहुआ", "name_hu": "Di’er Songhua", "name_id": "Songhua", "name_it": "Songhua", "name_ja": "松花江", "name_ko": "송화강", "name_nl": "Songhua", "name_pl": "Sungari", "name_pt": "Songhua", "name_ru": "Сунгари", "name_sv": "Songhua", "name_tr": "Songhua", "name_vi": "Tùng Hoa", "name_zh": "松花江", "name_fa": "سونگ هوا", "name_he": "די'ר סונגואה", "name_uk": "Сунгарі", "name_ur": "دیر سانگھوا", "name_zht": "松花江" }, "geometry": { "type": "MultiLineString", "coordinates": [ [ [ 126.905029296875, 43.51080963749412 ], [ 126.914794921875, 43.468622137494116 ], [ 126.922119140625, 43.463006903119116 ], [ 126.931835937500011, 43.45868561405662 ], [ 126.962988281250034, 43.43939850468162 ], [ 126.97705078125, 43.435077215619117 ], [ 126.987597656249989, 43.42865631718162 ], [ 127.004980468750034, 43.400506903119116 ], [ 127.01806640625, 43.39411041874412 ], [ 127.111523437500011, 43.38483307499412 ], [ 127.125244140625, 43.38068268436912 ], [ 127.130957031250034, 43.37360260624412 ], [ 127.096923828125, 43.338885809369117 ], [ 127.090039062500011, 43.327167059369117 ], [ 127.0869140625, 43.318866278119117 ], [ 127.088623046875, 43.310321356244117 ], [ 127.096923828125, 43.29791901249412 ], [ 127.107324218750023, 43.28778717655662 ], [ 127.120361328125, 43.28070709843162 ], [ 127.135644531250023, 43.27728912968162 ], [ 127.152148437499989, 43.27802155155662 ], [ 127.116455078125, 43.248651434369116 ], [ 127.097949218749989, 43.242450262494117 ], [ 127.02099609375, 43.24970123905662 ], [ 127.000878906250023, 43.24738190311912 ], [ 126.987060546875, 43.23651764530662 ], [ 126.979882812500023, 43.21283600468162 ], [ 126.986230468750023, 43.19537994999412 ], [ 126.996337890625, 43.179706121869117 ], [ 127.000585937500034, 43.16132233280662 ], [ 126.9912109375, 43.145282293744117 ], [ 126.949804687500034, 43.128192449994117 ], [ 126.932373046875, 43.11359284061912 ], [ 126.973388671875, 43.11359284061912 ], [ 126.96875, 43.10224030155662 ], [ 126.97021484375, 43.08844635624412 ], [ 126.975830078125, 43.07684967655662 ], [ 126.98388671875, 43.07196686405662 ], [ 126.986914062500034, 43.066913153119117 ], [ 126.98779296875, 43.042352606244116 ], [ 126.99072265625, 43.03412506718162 ], [ 127.069580078125, 42.98261139530662 ], [ 127.074804687500034, 42.97553131718162 ], [ 127.07958984375, 42.96649811405662 ], [ 127.087158203125, 42.958612371869116 ], [ 127.113476562500011, 42.95209381718162 ], [ 127.134960937500011, 42.938006903119117 ], [ 127.141503906250023, 42.93475983280662 ], [ 127.16552734375, 42.92853424686912 ], [ 127.227148437500034, 42.88703034061912 ], [ 127.218164062500023, 42.870379949994117 ], [ 127.207910156250023, 42.856708074994117 ], [ 127.1953125, 42.84454987186912 ], [ 127.179443359375, 42.832391668744116 ], [ 127.185302734375, 42.82062409061912 ], [ 127.193115234375, 42.76349518436912 ], [ 127.19970703125, 42.74994537968162 ], [ 127.21826171875, 42.72553131718162 ], [ 127.227148437500034, 42.708856512494116 ], [ 127.232177734375, 42.68805573124412 ], [ 127.22802734375, 42.674676824994116 ], [ 127.206738281250011, 42.64740631718162 ], [ 127.199462890625, 42.634784246869117 ], [ 127.19287109375, 42.61896393436912 ], [ 127.194042968750011, 42.605340887494116 ], [ 127.210156250000011, 42.599627996869117 ], [ 127.233984375000034, 42.60077545780662 ], [ 127.249609375000034, 42.605340887494116 ], [ 127.2626953125, 42.61481354374412 ], [ 127.27880859375, 42.63068268436912 ], [ 127.298095703125, 42.63739655155662 ], [ 127.316992187500034, 42.62750885624412 ], [ 127.331347656250045, 42.61054108280662 ], [ 127.337011718750034, 42.59589264530662 ], [ 127.349023437500023, 42.580340887494117 ], [ 127.376074218750034, 42.56745026249412 ] ], [ [ 124.651269531250023, 45.44794342655662 ], [ 124.6689453125, 45.41998932499412 ], [ 124.678320312500034, 45.386249090619117 ], [ 124.68798828125, 45.37103912968162 ], [ 124.72216796875, 45.339471746869116 ], [ 124.732617187500011, 45.32636139530662 ], [ 124.725830078125, 45.31806061405662 ], [ 124.726318359375, 45.308221746869116 ], [ 124.732617187500011, 45.28534577030662 ], [ 124.739013671875, 45.27448151249412 ], [ 124.740820312500034, 45.267840887494117 ], [ 124.736083984375, 45.264911199994117 ], [ 124.733642578125, 45.26276276249412 ], [ 124.730175781250011, 45.25787994999412 ], [ 124.727148437500034, 45.25214264530662 ], [ 124.725830078125, 45.24774811405662 ], [ 124.729736328125, 45.217645574994116 ], [ 124.741308593750034, 45.201678778119117 ], [ 124.787841796875, 45.18231842655662 ], [ 124.816796875000023, 45.166376043744116 ], [ 124.828222656250034, 45.16181061405662 ], [ 124.853759765625, 45.156268621869117 ], [ 124.863671875000023, 45.15265534061912 ], [ 124.873242187500011, 45.145379949994116 ], [ 124.917089843750034, 45.098749090619116 ], [ 124.931835937500011, 45.08734772343162 ], [ 125.009960937500011, 45.04364655155662 ], [ 125.046142578125, 45.017840887494117 ], [ 125.075878906250011, 44.98371002811912 ], [ 125.094335937500034, 44.94867584843162 ], [ 125.099707031250034, 44.943377996869117 ], [ 125.140869140625, 44.939960028119117 ], [ 125.149023437500034, 44.93048737186912 ], [ 125.185156250000034, 44.86762116093162 ], [ 125.198828125000034, 44.86517975468162 ], [ 125.212011718750034, 44.86810944218162 ], [ 125.224511718750023, 44.87274811405662 ], [ 125.236328125, 44.87506744999412 ], [ 125.247949218750023, 44.873895574994116 ], [ 125.26708984375, 44.868768621869116 ], [ 125.310156250000034, 44.864520574994117 ], [ 125.321679687500023, 44.86762116093162 ], [ 125.330957031250023, 44.87323639530662 ], [ 125.337792968750023, 44.87946198124412 ], [ 125.34521484375, 44.884784246869117 ], [ 125.3564453125, 44.88812897343162 ], [ 125.3681640625, 44.887469793744117 ], [ 125.39306640625, 44.88275787968162 ], [ 125.401123046875, 44.88471100468162 ], [ 125.40966796875, 44.89118073124412 ], [ 125.419335937500023, 44.89630768436912 ], [ 125.429443359375, 44.89984772343162 ], [ 125.438720703125, 44.901141668744117 ], [ 125.452050781250023, 44.89911530155662 ], [ 125.480566406250034, 44.890155340619117 ], [ 125.49365234375, 44.88812897343162 ], [ 125.534570312500023, 44.88812897343162 ], [ 125.586181640625, 44.89496491093162 ], [ 125.5966796875, 44.89923737186912 ], [ 125.616796875000034, 44.917987371869117 ], [ 125.63427734375, 44.92609284061912 ], [ 125.64892578125, 44.943963934369116 ], [ 125.658105468750023, 44.94953034061912 ], [ 125.670312500000023, 44.95062897343162 ], [ 125.682861328125, 44.94928619999412 ], [ 125.70654296875, 44.943377996869117 ], [ 125.728417968750023, 44.934588934369117 ], [ 125.741601562500023, 44.924188543744116 ], [ 125.7724609375, 44.88703034061912 ], [ 125.786230468750034, 44.86444733280662 ], [ 125.794677734375, 44.854608465619116 ], [ 125.805566406250023, 44.846698309369117 ], [ 125.813574218750034, 44.84503815311912 ], [ 125.828857421875, 44.847186590619117 ], [ 125.85107421875, 44.84247467655662 ], [ 125.878662109375, 44.83173248905662 ], [ 125.901953125000034, 44.817499090619116 ], [ 125.911816406250011, 44.80243561405662 ], [ 125.92041015625, 44.77838776249412 ], [ 125.940673828125, 44.773456121869117 ], [ 125.986425781250034, 44.78510162968162 ], [ 126.028710937500023, 44.788836981244117 ], [ 126.084228515625, 44.785174871869117 ], [ 126.1357421875, 44.773065496869116 ], [ 126.165917968750023, 44.751581121869116 ], [ 126.1650390625, 44.74188873905662 ], [ 126.16064453125, 44.73041412968162 ], [ 126.1611328125, 44.720819403119116 ], [ 126.175537109375, 44.716815496869117 ], [ 126.201416015625, 44.71637604374412 ], [ 126.214746093750023, 44.71344635624412 ], [ 126.220458984375, 44.70685455936912 ], [ 126.2275390625, 44.70453522343162 ], [ 126.268310546875, 44.69635651249412 ], [ 126.288818359375, 44.66840241093162 ], [ 126.337304687500023, 44.618524481244116 ], [ 126.349853515625, 44.58478424686912 ], [ 126.365136718750023, 44.575213934369117 ], [ 126.383203125000023, 44.568963934369116 ], [ 126.39794921875, 44.55975983280662 ], [ 126.403710937500023, 44.54987213749412 ], [ 126.408935546875, 44.530536199994117 ], [ 126.4150390625, 44.52191803593162 ], [ 126.42626953125, 44.513934637494117 ], [ 126.43115234375, 44.51203034061912 ], [ 126.432373046875, 44.508075262494117 ], [ 126.43212890625, 44.49396393436912 ], [ 126.42529296875, 44.47662994999412 ], [ 126.425537109375, 44.469989324994117 ], [ 126.427441406250011, 44.46539948124412 ], [ 126.43017578125, 44.46124909061912 ], [ 126.43212890625, 44.45612213749412 ], [ 126.431640625, 44.45111725468162 ], [ 126.429785156250034, 44.443377996869117 ], [ 126.427441406250011, 44.43695709843162 ], [ 126.42529296875, 44.43561432499412 ], [ 126.431542968750023, 44.429950262494117 ], [ 126.4375, 44.428583074994116 ], [ 126.442480468750034, 44.42902252811912 ], [ 126.44580078125, 44.42877838749412 ], [ 126.468359375000034, 44.42059967655662 ], [ 126.47802734375, 44.41425202030662 ], [ 126.476464843750023, 44.40521881718162 ], [ 126.474023437500023, 44.39813873905662 ], [ 126.47265625, 44.387323309369116 ], [ 126.469824218750034, 44.37518952030662 ], [ 126.462792968750023, 44.36395905155662 ], [ 126.455957031250023, 44.349383856244117 ], [ 126.458398437500023, 44.33209869999412 ], [ 126.46728515625, 44.31452057499412 ], [ 126.479882812500023, 44.29913971561912 ], [ 126.457275390625, 44.283465887494117 ], [ 126.45556640625, 44.26227448124412 ], [ 126.469482421875, 44.242450262494117 ], [ 126.49365234375, 44.23078034061912 ], [ 126.481835937500023, 44.21271393436912 ], [ 126.467675781250023, 44.19757721561912 ], [ 126.43212890625, 44.168719793744117 ], [ 126.41845703125, 44.15436432499412 ], [ 126.401757812500023, 44.131122137494117 ], [ 126.394238281250011, 44.10944244999412 ], [ 126.408203125, 44.099872137494117 ], [ 126.43212890625, 44.066278387494116 ], [ 126.453515625000023, 44.051385809369116 ], [ 126.459375, 44.04523346561912 ], [ 126.475341796875, 43.98090241093162 ], [ 126.483642578125, 43.97016022343162 ], [ 126.489990234375, 43.963495184369116 ], [ 126.488037109375, 43.948993231244117 ], [ 126.48291015625, 43.93488190311912 ], [ 126.479882812500023, 43.92914459843162 ], [ 126.47802734375, 43.929315496869116 ], [ 126.474853515625, 43.926288153119117 ], [ 126.472265625000034, 43.92133209843162 ], [ 126.473046875000023, 43.915545965619117 ], [ 126.477636718750034, 43.91412994999412 ], [ 126.494873046875, 43.916034246869117 ], [ 126.5009765625, 43.915545965619117 ], [ 126.564843750000023, 43.87348053593162 ], [ 126.579492187500023, 43.867059637494116 ], [ 126.5810546875, 43.861200262494116 ], [ 126.578710937500034, 43.83380768436912 ], [ 126.576074218750023, 43.82550690311912 ], [ 126.567578125000011, 43.82147858280662 ], [ 126.544189453125, 43.818133856244117 ], [ 126.53515625, 43.81183502811912 ], [ 126.5322265625, 43.79108307499412 ], [ 126.55126953125, 43.778583074994117 ], [ 126.579492187500023, 43.772479559369117 ], [ 126.60400390625, 43.770868231244116 ], [ 126.6279296875, 43.765399481244117 ], [ 126.646679687500011, 43.751239324994117 ], [ 126.661376953125, 43.731463934369117 ], [ 126.6796875, 43.70258209843162 ] ] ] } },
{ "type": "Feature", "properties": { "dissolve": "553River", "scalerank": 7, "featurecla": "River", "name": "Ussuri", "name_alt": null, "rivernum": 553, "note": null, "min_zoom": 6.0, "name_en": "Ussuri", "min_label": 7.0, "ne_id": 1159122531, "label": "Ussuri", "wikidataid": "Q207777", "name_ar": "نهر أوسوري", "name_bn": "উসুরি নদী", "name_de": "Ussuri", "name_es": "Ussuri", "name_fr": "Oussouri", "name_el": "Ουσούρι", "name_hi": "उसुरी", "name_hu": "Usszuri", "name_id": "Ussuri", "name_it": "Ussuri", "name_ja": "ウスリー川", "name_ko": "우수리강", "name_nl": "Oessoeri", "name_pl": "Ussuri", "name_pt": "Ussuri", "name_ru": "Уссури", "name_sv": "Ussuri", "name_tr": "Ussuri", "name_vi": "Ussuri", "name_zh": "乌苏里江", "name_fa": "رودخانه اوسوری", "name_he": "אוסורי", "name_uk": "Уссурі", "name_ur": "اوسوری", "name_zht": "烏蘇里江" }, "geometry": { "type": "LineString", "coordinates": [ [ 134.316015625000034, 43.648797918744116 ], [ 134.292089843750034, 43.61261627811912 ], [ 134.279541015625, 43.606317449994116 ], [ 134.155029296875, 43.59796784061912 ], [ 134.132080078125, 43.60150787968162 ], [ 134.1123046875, 43.61017487186912 ], [ 134.033593750000023, 43.65790436405662 ], [ 133.987060546875, 43.67743561405662 ], [ 133.846777343750034, 43.74664948124412 ], [ 133.836669921875, 43.75446198124412 ], [ 133.8349609375, 43.769647528119116 ], [ 133.867285156250034, 43.83234284061912 ], [ 133.8701171875, 43.85809967655662 ], [ 133.874121093750034, 43.867059637494116 ], [ 133.880273437500023, 43.873163153119116 ], [ 133.887109375000023, 43.87531159061912 ], [ 133.894433593750023, 43.87677643436912 ], [ 133.902148437500045, 43.880731512494116 ], [ 133.931640625, 43.915545965619117 ], [ 133.943115234375, 43.92169830936912 ], [ 133.931396484375, 43.93598053593162 ], [ 133.908300781250034, 43.983758856244116 ], [ 133.918212890625, 44.00861237186912 ], [ 133.90869140625, 44.02655670780662 ], [ 133.862060546875, 44.06183502811912 ], [ 133.84423828125, 44.07037994999412 ], [ 133.836669921875, 44.07599518436912 ], [ 133.831445312500023, 44.087762762494116 ], [ 133.835156250000011, 44.09955475468162 ], [ 133.842480468750011, 44.11078522343162 ], [ 133.847363281250011, 44.12091705936912 ], [ 133.849609375, 44.13495514530662 ], [ 133.848876953125, 44.14240143436912 ], [ 133.822265625, 44.197284246869117 ], [ 133.819580078125, 44.206317449994117 ], [ 133.82177734375, 44.22858307499412 ], [ 133.82861328125, 44.24140045780662 ], [ 133.860449218750034, 44.26434967655662 ], [ 133.89306640625, 44.298944403119116 ], [ 133.908935546875, 44.320672918744116 ], [ 133.915722656250011, 44.336297918744116 ], [ 133.925195312500023, 44.35224030155662 ], [ 133.947021484375, 44.36627838749412 ], [ 133.991455078125, 44.387225653119117 ], [ 134.01123046875, 44.40570709843162 ], [ 134.018164062500034, 44.408954168744117 ], [ 134.030371093750034, 44.40790436405662 ], [ 134.046972656250034, 44.39728424686912 ], [ 134.056396484375, 44.394647528119116 ], [ 134.06396484375, 44.40570709843162 ], [ 134.0625, 44.43085358280662 ], [ 134.052978515625, 44.47662994999412 ], [ 134.050097656250045, 44.48505280155662 ], [ 134.04736328125, 44.489276434369117 ], [ 134.045654296875, 44.49408600468162 ], [ 134.046142578125, 44.504510809369116 ], [ 134.048095703125, 44.50653717655662 ], [ 134.058398437500045, 44.52765534061912 ], [ 134.059814453125, 44.531854559369116 ], [ 134.072363281250034, 44.543719793744117 ], [ 134.11376953125, 44.57343170780662 ], [ 134.125244140625, 44.58490631718162 ], [ 134.131445312500034, 44.59650299686912 ], [ 134.12890625, 44.61005280155662 ], [ 134.11376953125, 44.627460028119117 ], [ 134.101318359375, 44.63641998905662 ], [ 134.0859375, 44.64264557499412 ], [ 134.070898437500034, 44.64130280155662 ], [ 134.059814453125, 44.627460028119117 ], [ 134.022216796875, 44.64594147343162 ], [ 133.987695312500023, 44.67182037968162 ], [ 133.967382812500034, 44.68231842655662 ], [ 133.9541015625, 44.67523834843162 ], [ 133.94189453125, 44.66229889530662 ], [ 133.925683593750023, 44.65534088749412 ], [ 133.847363281250011, 44.66840241093162 ], [ 133.81005859375, 44.667010809369117 ], [ 133.791406250000023, 44.66852448124412 ], [ 133.771679687500011, 44.67523834843162 ], [ 133.698437500000011, 44.74188873905662 ], [ 133.663964843750023, 44.754657293744117 ], [ 133.657470703125, 44.761981512494117 ], [ 133.648193359375, 44.77826569218162 ], [ 133.649121093750011, 44.78095123905662 ], [ 133.652246093750023, 44.784930731244117 ], [ 133.654052734375, 44.789911199994116 ], [ 133.6513671875, 44.795672918744117 ], [ 133.647216796875, 44.798602606244117 ], [ 133.633886718750034, 44.80621979374412 ], [ 133.630468750000034, 44.81220123905662 ], [ 133.62841796875, 44.817499090619116 ], [ 133.62548828125, 44.82221100468162 ], [ 133.620361328125, 44.826678778119117 ], [ 133.592187500000023, 44.84247467655662 ], [ 133.586181640625, 44.847186590619117 ], [ 133.579980468750023, 44.86688873905662 ], [ 133.579833984375, 44.93305084843162 ], [ 133.569042968750011, 44.96015045780662 ], [ 133.556396484375, 44.97382233280662 ], [ 133.544677734375, 44.98944733280662 ], [ 133.540136718750034, 45.005731512494116 ], [ 133.548583984375, 45.02155182499412 ], [ 133.545507812500034, 45.03034088749412 ], [ 133.522558593750034, 45.067157293744117 ], [ 133.510937500000011, 45.07990143436912 ], [ 133.568115234375, 45.098407293744117 ], [ 133.5908203125, 45.11176178593162 ], [ 133.586181640625, 45.134540106244117 ], [ 133.5947265625, 45.14935944218162 ], [ 133.595898437500011, 45.16815827030662 ], [ 133.591406250000034, 45.18646881718162 ], [ 133.582763671875, 45.199725653119117 ], [ 133.581347656250045, 45.20722077030662 ], [ 133.58642578125, 45.226825262494117 ], [ 133.582763671875, 45.230731512494117 ], [ 133.56982421875, 45.233417059369117 ], [ 133.561621093750034, 45.239618231244116 ], [ 133.5546875, 45.246454168744116 ], [ 133.545117187500011, 45.25116608280662 ], [ 133.5068359375, 45.247333074994117 ], [ 133.4873046875, 45.25177643436912 ], [ 133.500244140625, 45.283710028119117 ], [ 133.478759765625, 45.30939362186912 ], [ 133.484375, 45.32636139530662 ], [ 133.45751953125, 45.348651434369117 ], [ 133.44970703125, 45.360614324994117 ], [ 133.45654296875, 45.374774481244117 ], [ 133.437109375000034, 45.412616278119117 ], [ 133.423242187500023, 45.433710028119116 ], [ 133.407128906250023, 45.44623444218162 ], [ 133.399316406250023, 45.453973699994116 ], [ 133.391796875000011, 45.46320221561912 ], [ 133.38818359375, 45.47089264530662 ], [ 133.388671875, 45.478876043744116 ], [ 133.392822265625, 45.48541901249412 ], [ 133.4013671875, 45.49164459843162 ], [ 133.414794921875, 45.49823639530662 ], [ 133.394921875000023, 45.51837799686912 ], [ 133.407812500000034, 45.53668854374412 ], [ 133.42431640625, 45.55451080936912 ], [ 133.414794921875, 45.57330963749412 ] ] } },
{ "type": "Feature", "properties": { "dissolve": "1119River", "scalerank": 9, "featurecla": "River", "name": "Muling", "name_alt": null, "rivernum": 1119, "note": null, "min_zoom": 7.1, "name_en": "Muling", "min_label": 8.1, "ne_id": 1159111447, "label": "Muling", "wikidataid": "Q715373", "name_ar": "مولينغ", "name_bn": "মুলিং নদী", "name_de": "Muling He", "name_es": "Muling", "name_fr": "Muling He", "name_el": "Μούλινγκ", "name_hi": "मुलिंग", "name_hu": "Muling", "name_id": "Muling", "name_it": "Muling", "name_ja": "穆棱河", "name_ko": "뮬링", "name_nl": "Muling", "name_pl": "Muling He", "name_pt": "Muling", "name_ru": "Мулинхэ", "name_sv": "Muling He", "name_tr": "Muling", "name_vi": "Sông Mục Lăng", "name_zh": "穆棱河", "name_fa": "مولینگ", "name_he": "מוּן", "name_uk": "Мулінг", "name_ur": "مولنگ", "name_zht": "穆棱河" }, "geometry": { "type": "LineString", "coordinates": [ [ 130.079833984375, 43.89642975468162 ], [ 130.1, 43.92108795780662 ], [ 130.109277343750023, 43.94635651249412 ], [ 130.115917968750011, 43.97247955936912 ], [ 130.128173828125, 43.99982330936912 ], [ 130.136474609375, 44.00995514530662 ], [ 130.155859375000034, 44.028192449994116 ], [ 130.163818359375, 44.038446356244116 ], [ 130.172119140625, 44.05841705936912 ], [ 130.183496093750023, 44.09955475468162 ], [ 130.194042968750011, 44.11945221561912 ], [ 130.251708984375, 44.179950262494117 ], [ 130.25537109375, 44.19025299686912 ], [ 130.257519531250011, 44.211932684369117 ], [ 130.263427734375, 44.22113678593162 ], [ 130.274121093750011, 44.22724030155662 ], [ 130.297753906250023, 44.235858465619117 ], [ 130.307861328125, 44.24310944218162 ], [ 130.314550781250034, 44.25421784061912 ], [ 130.321386718750034, 44.28070709843162 ], [ 130.326757812500034, 44.29315827030662 ], [ 130.342041015625, 44.31061432499412 ], [ 130.358789062500023, 44.32416412968162 ], [ 130.373144531250034, 44.33954498905662 ], [ 130.381591796875, 44.36249420780662 ], [ 130.380761718750023, 44.38629791874412 ], [ 130.371484375000023, 44.402606512494117 ], [ 130.355371093750023, 44.41168854374412 ], [ 130.334082031250034, 44.413836981244117 ], [ 130.305908203125, 44.409051824994116 ], [ 130.295654296875, 44.41083405155662 ], [ 130.280029296875, 44.420184637494117 ], [ 130.273193359375, 44.43268463749412 ], [ 130.269433593750023, 44.44708893436912 ], [ 130.26220703125, 44.46198151249412 ], [ 130.25341796875, 44.46857330936912 ], [ 130.24169921875, 44.473993231244116 ], [ 130.232324218750023, 44.480975653119117 ], [ 130.23046875, 44.491961981244117 ], [ 130.234960937500034, 44.49811432499412 ], [ 130.251074218750034, 44.505731512494116 ], [ 130.25732421875, 44.51166412968162 ], [ 130.273193359375, 44.555047918744116 ], [ 130.27978515625, 44.56818268436912 ], [ 130.29150390625, 44.58002350468162 ], [ 130.376220703125, 44.62836334843162 ], [ 130.385644531250023, 44.63678619999412 ], [ 130.392675781250034, 44.65265534061912 ], [ 130.39306640625, 44.668817449994116 ], [ 130.391503906250023, 44.68549225468162 ], [ 130.392822265625, 44.702655340619117 ], [ 130.40380859375, 44.72455475468162 ], [ 130.439453125, 44.76154205936912 ], [ 130.45458984375, 44.78168366093162 ], [ 130.488183593750023, 44.867938543744117 ], [ 130.505078125000011, 44.897235418744117 ], [ 130.509375, 44.90900299686912 ], [ 130.515527343750023, 44.94623444218162 ], [ 130.519140625000034, 44.95831940311912 ], [ 130.544042968750034, 45.004413153119117 ], [ 130.560302734375, 45.02509186405662 ], [ 130.594628906250023, 45.057001043744116 ], [ 130.610449218750034, 45.067889715619117 ], [ 130.62744140625, 45.076288153119116 ], [ 130.647070312500034, 45.082049871869117 ], [ 130.667675781250011, 45.093133856244116 ], [ 130.671142578125, 45.110858465619117 ], [ 130.669189453125, 45.131463934369116 ], [ 130.674072265625, 45.151483465619116 ], [ 130.68408203125, 45.16071198124412 ], [ 130.7119140625, 45.173944403119116 ], [ 130.723876953125, 45.181659246869117 ], [ 130.73681640625, 45.19647858280662 ], [ 130.807519531250023, 45.30744049686912 ], [ 130.822998046875, 45.32550690311912 ], [ 130.853515625, 45.34320709843162 ], [ 130.891210937500034, 45.348407293744117 ], [ 130.929785156250034, 45.34345123905662 ], [ 130.963134765625, 45.330585028119117 ], [ 130.997167968750034, 45.309686590619116 ], [ 131.01416015625, 45.30267975468162 ], [ 131.036035156250023, 45.29938385624412 ], [ 131.114990234375, 45.29962799686912 ], [ 131.158203125, 45.288836981244117 ], [ 131.19873046875, 45.27252838749412 ], [ 131.241601562500023, 45.26459381718162 ], [ 131.44140625, 45.28253815311912 ], [ 131.546630859375, 45.32807037968162 ], [ 131.602783203125, 45.338251043744116 ], [ 131.626220703125, 45.334588934369116 ], [ 131.6689453125, 45.32099030155662 ], [ 131.692285156250023, 45.31964752811912 ], [ 131.72265625, 45.328485418744116 ], [ 131.749755859375, 45.345331121869116 ], [ 131.939697265625, 45.511102606244116 ], [ 132.027148437500045, 45.55048248905662 ], [ 132.062744140625, 45.573993231244117 ], [ 132.082128906250034, 45.58246491093162 ], [ 132.095312500000034, 45.584588934369116 ], [ 132.1375, 45.58454010624412 ], [ 132.1708984375, 45.59540436405662 ], [ 132.269140625000034, 45.665887762494116 ], [ 132.29443359375, 45.69061920780662 ], [ 132.31103515625, 45.698260809369117 ], [ 132.323437500000011, 45.699237371869117 ], [ 132.427636718750023, 45.68756744999412 ], [ 132.495507812500023, 45.66950104374412 ], [ 132.686914062500023, 45.67255280155662 ], [ 132.88037109375, 45.71991608280662 ], [ 133.05625, 45.73895905155662 ], [ 133.104736328125, 45.753045965619116 ], [ 133.266992187500023, 45.835467840619117 ], [ 133.345312500000034, 45.86017487186912 ], [ 133.427343750000034, 45.87274811405662 ], [ 133.510156250000023, 45.87335846561912 ] ] } },
{ "type": "Feature", "properties": { "dissolve": "610River", "scalerank": 7, "featurecla": "River", "name": "Song’acha", "name_alt": null, "rivernum": 610, "note": null, "min_zoom": 6.0, "name_en": "Songacha", "min_label": 7.0, "ne_id": 1159123521, "label": "Song’acha", "wikidataid": "Q715361", "name_ar": "سونغاتشا", "name_bn": "সুঙ্গাছা নদী", "name_de": "Sungatscha", "name_es": "Songacha", "name_fr": "Soungatcha", "name_el": "Σονγκάτσα", "name_hi": "सोंगआचा", "name_hu": "Song’acha", "name_id": "Songacha", "name_it": "Sungača", "name_ja": "ソンガチャ川", "name_ko": "쑹아차허", "name_nl": "Soengatsja", "name_pl": "Sungacza", "name_pt": "Songacha", "name_ru": "Сунгача", "name_sv": "Songatja", "name_tr": "Sungaça", "name_vi": "Sungacha", "name_zh": "松阿察河", "name_fa": "سونگاچا", "name_he": "סונגאצ'ה", "name_uk": "Сунгача", "name_ur": "سانگ اچھا", "name_zht": "松阿察河" }, "geometry": { "type": "LineString", "coordinates": [ [ 133.413183593750034, 45.573602606244116 ], [ 133.37451171875, 45.57330963749412 ], [ 133.3623046875, 45.56818268436912 ], [ 133.329980468750023, 45.54950592655662 ], [ 133.298583984375, 45.54230377811912 ], [ 133.271240234375, 45.52863190311912 ], [ 133.240625, 45.523553778119116 ], [ 133.201855468750011, 45.51154205936912 ], [ 133.18896484375, 45.50446198124412 ], [ 133.179443359375, 45.49408600468162 ], [ 133.139892578125, 45.435663153119116 ], [ 133.132910156250034, 45.41986725468162 ], [ 133.12841796875, 45.402948309369116 ], [ 133.126953125, 45.38532135624412 ], [ 133.1015625, 45.287469793744116 ], [ 133.1064453125, 45.264911199994117 ], [ 133.097265625000034, 45.243768621869116 ], [ 133.10625, 45.214960028119116 ], [ 133.120361328125, 45.183710028119116 ], [ 133.126953125, 45.155633856244116 ], [ 133.124902343750023, 45.141620184369117 ], [ 133.12109375, 45.13153717655662 ], [ 133.115136718750023, 45.123309637494117 ], [ 133.098388671875, 45.108026434369116 ], [ 133.072998046875, 45.090838934369117 ], [ 133.049414062500034, 45.08197662968162 ], [ 133.023681640625, 45.058612371869117 ], [ 132.992431640625, 45.04877350468162 ], [ 132.9658203125, 45.02912018436912 ], [ 132.953027343750023, 45.024676824994117 ], [ 132.920996093750034, 45.02814362186912 ], [ 132.839453125000034, 45.05939362186912 ] ] } },
{ "type": "Feature", "properties": { "dissolve": "692Lake Centerline", "scalerank": 8, "featurecla": "Lake Centerline", "name": "Tao’er", "name_alt": null, "rivernum": 692, "note": null, "min_zoom": 7.0, "name_en": "Taoer", "min_label": 8.0, "ne_id": 1159125703, "label": "Tao’er", "wikidataid": "Q2656862", "name_ar": "تاوير", "name_bn": "তাও’র", "name_de": "Tao’er", "name_es": "Tao’er", "name_fr": "Tao’er", "name_el": "Τάο'ερ", "name_hi": "ताओ'एर", "name_hu": "Tao’er", "name_id": "Tao’er", "name_it": "Tao'er", "name_ja": "洮児河", "name_ko": "타오얼", "name_nl": "Tao’er", "name_pl": "Tao Er", "name_pt": "Tao’er", "name_ru": "Таоэрхэ", "name_sv": "Tao'er He", "name_tr": "Tao’er", "name_vi": "Tao’er", "name_zh": "洮儿河", "name_fa": "تائوئر", "name_he": "טאואר", "name_uk": "Таоер", "name_ur": "تاو ایر", "name_zht": "洮兒河" }, "geometry": { "type": "LineString", "coordinates": [ [ 124.037988281250023, 45.70990631718162 ], [ 124.014404296875, 45.713641668744117 ], [ 123.992089843750023, 45.72186920780662 ], [ 123.96728515625, 45.727313543744117 ], [ 123.937890625000023, 45.72406647343162 ], [ 123.90380859375, 45.71613190311912 ], [ 123.88232421875, 45.70697662968162 ], [ 123.860449218750034, 45.70868561405662 ], [ 123.845605468750023, 45.71857330936912 ], [ 123.835156250000011, 45.72418854374412 ] ] } },
{ "type": "Feature", "properties": { "dissolve": "967River", "scalerank": 8, "featurecla": "River", "name": "Di’er Songhua", "name_alt": null, "rivernum": 967, "note": null, "min_zoom": 7.0, "name_en": "Songhua", "min_label": 8.0, "ne_id": 1159128931, "label": "Di’er Songhua", "wikidataid": "Q210326", "name_ar": "نهر سونغوا", "name_bn": "সংহুয়া নদী", "name_de": "Songhua", "name_es": "Songhua", "name_fr": "Songhua", "name_el": "Ντι'ερ Σονγκουά", "name_hi": "डायर सोंगहुआ", "name_hu": "Di’er Songhua", "name_id": "Songhua", "name_it": "Songhua", "name_ja": "松花江", "name_ko": "송화강", "name_nl": "Songhua", "name_pl": "Sungari", "name_pt": "Songhua", "name_ru": "Сунгари", "name_sv": "Songhua", "name_tr": "Songhua", "name_vi": "Tùng Hoa", "name_zh": "松花江", "name_fa": "سونگ هوا", "name_he": "די'ר סונגואה", "name_uk": "Сунгарі", "name_ur": "دیر سانگھوا", "name_zht": "松花江" }, "geometry": { "type": "LineString", "coordinates": [ [ 123.4658203125, 46.834588934369116 ], [ 123.476660156250034, 46.82367584843162 ], [ 123.489160156250023, 46.81720612186912 ], [ 123.504003906250034, 46.81427643436912 ], [ 123.52294921875, 46.813495184369117 ], [ 123.541796874999989, 46.815790106244116 ], [ 123.548095703125, 46.82245514530662 ], [ 123.5498046875, 46.833368231244116 ], [ 123.553955078125, 46.848260809369116 ], [ 123.56298828125, 46.86517975468162 ], [ 123.570410156250034, 46.87323639530662 ], [ 123.5791015625, 46.87555573124412 ], [ 123.591552734375, 46.87555573124412 ], [ 123.59375, 46.86920807499412 ], [ 123.613037109375, 46.84100983280662 ], [ 123.6123046875, 46.834588934369116 ], [ 123.604736328125, 46.832049871869117 ], [ 123.599316406250011, 46.82575104374412 ], [ 123.595898437500011, 46.817743231244116 ], [ 123.594921875000011, 46.810077215619117 ], [ 123.598388671875, 46.806756903119116 ], [ 123.655957031250011, 46.80609772343162 ], [ 123.671142578125, 46.80023834843162 ], [ 123.677441406250011, 46.783075262494116 ], [ 123.68505859375, 46.78485748905662 ], [ 123.701757812500034, 46.77570221561912 ], [ 123.751855468750023, 46.73847077030662 ], [ 123.773681640625, 46.717303778119117 ], [ 123.7666015625, 46.70380280155662 ], [ 123.76220703125, 46.69025299686912 ], [ 123.759960937500011, 46.675799871869117 ], [ 123.759033203125, 46.63934967655662 ], [ 123.759375, 46.63532135624412 ], [ 123.7625, 46.62811920780662 ], [ 123.771679687500011, 46.61505768436912 ], [ 123.773681640625, 46.61115143436912 ], [ 123.7763671875, 46.59454987186912 ], [ 123.782958984375, 46.58710358280662 ], [ 123.791796874999989, 46.58234284061912 ], [ 123.800976562500011, 46.57391998905662 ], [ 123.810449218750023, 46.55536530155662 ], [ 123.808398437499989, 46.54401276249412 ], [ 123.787353515625, 46.519305731244117 ], [ 123.80322265625, 46.497919012494116 ], [ 123.836328125000023, 46.425165106244116 ], [ 123.852148437500034, 46.409442449994117 ], [ 123.855175781250011, 46.402215887494116 ], [ 123.842041015625, 46.35761139530662 ], [ 123.846777343750034, 46.34223053593162 ], [ 123.85400390625, 46.32611725468162 ], [ 123.853613281250034, 46.312762762494117 ], [ 123.842041015625, 46.30573151249412 ], [ 123.872656250000034, 46.30316803593162 ], [ 123.884765625, 46.297137762494117 ], [ 123.895263671875, 46.269061590619117 ], [ 123.9072265625, 46.26666901249412 ], [ 123.919042968750034, 46.27228424686912 ], [ 123.924560546875, 46.28278229374412 ], [ 123.9267578125, 46.286151434369117 ], [ 123.932519531250023, 46.28974030155662 ], [ 123.939160156250011, 46.292499090619117 ], [ 123.945068359375, 46.293329168744116 ], [ 123.954003906250023, 46.29230377811912 ], [ 123.956445312500023, 46.290643621869116 ], [ 123.95654296875, 46.28681061405662 ], [ 123.958593750000034, 46.27912018436912 ], [ 123.959570312500034, 46.267840887494117 ], [ 123.957275390625, 46.25433991093162 ], [ 123.957275390625, 46.23932526249412 ], [ 123.965429687500034, 46.22382233280662 ], [ 123.956640625000034, 46.209735418744117 ], [ 123.958300781249989, 46.19257233280662 ], [ 123.96533203125, 46.175653387494116 ], [ 123.972949218749989, 46.16242096561912 ], [ 123.97607421875, 46.161249090619116 ], [ 123.980371093750023, 46.16242096561912 ], [ 123.984277343750023, 46.162860418744117 ], [ 123.985937500000034, 46.159295965619116 ], [ 123.985595703125, 46.14826080936912 ], [ 123.986523437500011, 46.14313385624412 ], [ 123.9931640625, 46.13300202030662 ], [ 123.998242187500011, 46.122430731244116 ], [ 124.000878906250023, 46.112323309369117 ], [ 123.996191406250034, 46.107782293744116 ], [ 123.996337890625, 46.098163153119117 ], [ 124.00146484375, 46.077020574994116 ], [ 124.010937500000011, 46.05597565311912 ], [ 124.02392578125, 46.04633209843162 ], [ 124.03466796875, 46.042743231244117 ], [ 124.038671875000034, 46.03436920780662 ], [ 124.0375, 46.025018621869116 ], [ 124.033789062500034, 46.01837799686912 ], [ 124.022363281250023, 46.01422760624412 ], [ 124.011328125000034, 46.01654694218162 ], [ 124.001367187500023, 46.01654694218162 ], [ 123.992773437500034, 46.005389715619117 ], [ 124.00634765625, 45.99628327030662 ], [ 124.0009765625, 45.98932526249412 ], [ 123.98828125, 45.98346588749412 ], [ 123.979101562500034, 45.978045965619117 ], [ 123.973730468750034, 45.964960028119116 ], [ 123.97265625, 45.95184967655662 ], [ 123.974853515625, 45.93976471561912 ], [ 123.979101562500034, 45.92963287968162 ], [ 123.99755859375, 45.91461823124412 ], [ 124.050683593750023, 45.88873932499412 ], [ 124.061718750000011, 45.87164948124412 ], [ 124.058496093750023, 45.85675690311912 ], [ 124.04443359375, 45.84125397343162 ], [ 124.041259765625, 45.830340887494117 ], [ 124.046142578125, 45.82086823124412 ], [ 124.054882812500011, 45.81549713749412 ], [ 124.0595703125, 45.808954168744116 ], [ 124.051171875000023, 45.796161199994117 ], [ 124.040283203125, 45.79035065311912 ], [ 124.02783203125, 45.787225653119116 ], [ 124.017578125, 45.78168366093162 ], [ 124.013281250000034, 45.768573309369117 ], [ 124.021679687500011, 45.76251862186912 ], [ 124.061425781250023, 45.74787018436912 ], [ 124.07470703125, 45.744647528119117 ], [ 124.070214843750023, 45.739129949994116 ], [ 124.06787109375, 45.73554108280662 ], [ 124.06396484375, 45.733172918744117 ], [ 124.054882812500011, 45.73163483280662 ], [ 124.087890625, 45.71784088749412 ], [ 124.102783203125, 45.709588934369116 ], [ 124.1162109375, 45.69684479374412 ], [ 124.119140625, 45.69025299686912 ], [ 124.123779296875, 45.67255280155662 ], [ 124.1259765625, 45.668963934369117 ], [ 124.146093750000034, 45.66852448124412 ], [ 124.1552734375, 45.66669342655662 ], [ 124.164794921875, 45.662713934369116 ], [ 124.147851562500023, 45.64716217655662 ], [ 124.140722656250034, 45.632098699994117 ], [ 124.14892578125, 45.62213776249412 ], [ 124.177734375, 45.62177155155662 ], [ 124.199609375000023, 45.62946198124412 ], [ 124.214648437499989, 45.63776276249412 ], [ 124.223388671875, 45.63544342655662 ], [ 124.22607421875, 45.611200262494116 ], [ 124.233300781250023, 45.601922918744116 ], [ 124.261621093750023, 45.589960028119116 ], [ 124.263427734375, 45.58392975468162 ], [ 124.261328125000034, 45.574335028119116 ], [ 124.266015625000023, 45.56146881718162 ], [ 124.274511718750034, 45.55023834843162 ], [ 124.283935546875, 45.545428778119117 ], [ 124.33203125, 45.547137762494117 ], [ 124.35205078125, 45.541766668744117 ], [ 124.36279296875, 45.52558014530662 ], [ 124.36083984375, 45.521600653119116 ], [ 124.351318359375, 45.51044342655662 ], [ 124.34912109375, 45.50446198124412 ], [ 124.35009765625, 45.49848053593162 ], [ 124.352294921875, 45.494501043744116 ], [ 124.35595703125, 45.49079010624412 ], [ 124.358154296875, 45.481463934369117 ], [ 124.361523437500011, 45.472772528119116 ], [ 124.367089843750023, 45.46478912968162 ], [ 124.37646484375, 45.457294012494117 ], [ 124.395263671875, 45.45136139530662 ], [ 124.414257812500011, 45.45429108280662 ], [ 124.43408203125, 45.460223699994117 ], [ 124.455468750000023, 45.46344635624412 ], [ 124.477148437500034, 45.45600006718162 ], [ 124.502539062500034, 45.42316315311912 ], [ 124.524121093750011, 45.415643621869116 ], [ 124.549218750000023, 45.41437409061912 ], [ 124.562890625000023, 45.415155340619116 ], [ 124.572167968750023, 45.41913483280662 ], [ 124.577539062500023, 45.42963287968162 ], [ 124.577392578125, 45.439813543744116 ], [ 124.578710937500034, 45.449237371869117 ], [ 124.58935546875, 45.457294012494117 ], [ 124.611523437500011, 45.44782135624412 ], [ 124.631103515625, 45.446405340619116 ], [ 124.674560546875, 45.450458074994117 ] ] } },
{ "type": "Feature", "properties": { "dissolve": "692River", "scalerank": 8, "featurecla": "River", "name": "Tao’er", "name_alt": null, "rivernum": 692, "note": null, "min_zoom": 7.0, "name_en": "Taoer", "min_label": 8.0, "ne_id": 1159125733, "label": "Tao’er", "wikidataid": "Q2656862", "name_ar": "تاوير", "name_bn": "তাও’র", "name_de": "Tao’er", "name_es": "Tao’er", "name_fr": "Tao’er", "name_el": "Τάο'ερ", "name_hi": "ताओ'एर", "name_hu": "Tao’er", "name_id": "Tao’er", "name_it": "Tao’er", "name_ja": "洮児河", "name_ko": "타오얼", "name_nl": "Tao'er", "name_pl": "Tao Er", "name_pt": "Tao’er", "name_ru": "Таоэрхэ", "name_sv": "Tao’er", "name_tr": "Tao’er", "name_vi": "Sông Tao’er", "name_zh": "洮儿河", "name_fa": "تائوئر", "name_he": "טאואר", "name_uk": "Таоер", "name_ur": "تاو ایر", "name_zht": "洮兒河" }, "geometry": { "type": "MultiLineString", "coordinates": [ [ [ 120.165283203125, 46.99567291874412 ], [ 120.181835937500011, 46.982928778119117 ], [ 120.217480468750011, 46.962176824994117 ], [ 120.232421875, 46.947528387494117 ], [ 120.244873046875, 46.923602606244117 ], [ 120.25048828125, 46.898065496869116 ], [ 120.25, 46.845233465619117 ], [ 120.263427734375, 46.797870184369117 ], [ 120.30419921875, 46.78168366093162 ], [ 120.406982421875, 46.78485748905662 ], [ 120.428125, 46.78143952030662 ], [ 120.441503906250034, 46.77338287968162 ], [ 120.467480468750011, 46.75006744999412 ], [ 120.514892578125, 46.73285553593162 ], [ 120.561621093750034, 46.73688385624412 ], [ 120.608642578125, 46.74909088749412 ], [ 120.655957031250011, 46.756122137494117 ], [ 120.679882812500011, 46.749627996869116 ], [ 120.724707031250034, 46.72101471561912 ], [ 120.747802734375, 46.71454498905662 ], [ 120.84716796875, 46.70087311405662 ], [ 120.950439453125, 46.698504949994117 ], [ 120.99853515625, 46.69037506718162 ], [ 121.076416015625, 46.661395574994117 ], [ 121.10546875, 46.65521881718162 ], [ 121.199804687500034, 46.65167877811912 ], [ 121.2314453125, 46.646258856244117 ], [ 121.25830078125, 46.634149481244116 ], [ 121.27197265625, 46.631952215619116 ], [ 121.285839843750011, 46.638788153119116 ] ], [ [ 121.285839843750011, 46.631952215619116 ], [ 121.299560546875, 46.61615631718162 ], [ 121.314697265625, 46.612420965619116 ], [ 121.330957031250023, 46.61163971561912 ], [ 121.347363281250011, 46.60468170780662 ], [ 121.355078125000034, 46.592401434369116 ], [ 121.35888671875, 46.574579168744116 ], [ 121.358642578125, 46.55621979374412 ], [ 121.354296874999989, 46.54254791874412 ], [ 121.370507812500023, 46.53009674686912 ], [ 121.38427734375, 46.51447174686912 ], [ 121.3994140625, 46.501092840619116 ], [ 121.41943359375, 46.49542877811912 ], [ 121.424707031250023, 46.49213287968162 ], [ 121.44140625, 46.47760651249412 ], [ 121.447021484375, 46.47431061405662 ], [ 121.45703125, 46.472674871869117 ], [ 121.56591796875, 46.43366119999412 ], [ 121.591064453125, 46.42987702030662 ], [ 121.61572265625, 46.43317291874412 ], [ 121.626953125, 46.43256256718162 ], [ 121.679882812500011, 46.40973541874412 ], [ 121.690039062500034, 46.402606512494117 ], [ 121.695410156250034, 46.395379949994116 ], [ 121.71044921875, 46.36847565311912 ], [ 121.758496093750011, 46.33222077030662 ], [ 121.779882812500034, 46.324090887494116 ], [ 121.803417968750011, 46.320086981244117 ], [ 121.873925781250023, 46.32013580936912 ], [ 121.920996093750034, 46.31317780155662 ], [ 121.963964843750034, 46.29938385624412 ], [ 121.997949218750023, 46.27912018436912 ], [ 122.03125, 46.24835846561912 ], [ 122.046630859375, 46.22809479374412 ], [ 122.058398437499989, 46.18451569218162 ], [ 122.0712890625, 46.16828034061912 ], [ 122.087304687500023, 46.15375397343162 ], [ 122.1015625, 46.13568756718162 ], [ 122.100830078125, 46.124872137494116 ], [ 122.1015625, 46.12140534061912 ], [ 122.107812500000023, 46.107782293744116 ], [ 122.121484375000023, 46.091327215619117 ], [ 122.126708984375, 46.082635809369116 ], [ 122.132080078125, 46.044940496869117 ], [ 122.141699218750034, 46.03070709843162 ], [ 122.211035156250034, 45.989374090619116 ], [ 122.237060546875, 45.964715887494116 ], [ 122.293554687500034, 45.88324616093162 ], [ 122.310791015625, 45.86810944218162 ], [ 122.332128906250034, 45.85809967655662 ], [ 122.358496093750034, 45.854510809369117 ], [ 122.37744140625, 45.84772369999412 ], [ 122.384521484375, 45.83112213749412 ], [ 122.387939453125, 45.810809637494117 ], [ 122.395117187500034, 45.79242584843162 ], [ 122.423095703125, 45.765155340619117 ], [ 122.42529296875, 45.75800202030662 ], [ 122.429443359375, 45.736590887494117 ], [ 122.43359375, 45.727899481244116 ], [ 122.445214843750023, 45.710223699994117 ], [ 122.470898437500011, 45.655292059369117 ], [ 122.52978515625, 45.55145905155662 ], [ 122.560302734375, 45.52558014530662 ], [ 122.600341796875, 45.50421784061912 ], [ 122.620507812500023, 45.48944733280662 ], [ 122.629199218749989, 45.47406647343162 ], [ 122.63525390625, 45.47016022343162 ], [ 122.663964843750023, 45.464129949994117 ], [ 122.673583984375, 45.46039459843162 ], [ 122.6796875, 45.452655340619117 ], [ 122.685791015625, 45.43707916874412 ], [ 122.690673828125, 45.42999909061912 ], [ 122.724707031250034, 45.40888092655662 ], [ 122.752636718750011, 45.39899323124412 ], [ 122.784765625000034, 45.377313543744116 ], [ 122.805908203125, 45.37091705936912 ], [ 122.828515625000023, 45.370721746869116 ], [ 122.882714843750023, 45.37628815311912 ], [ 122.919677734375, 45.36444733280662 ], [ 122.947509765625, 45.361102606244117 ], [ 122.970703125, 45.362909246869116 ], [ 123.05810546875, 45.38934967655662 ], [ 123.06875, 45.39398834843162 ], [ 123.111328125, 45.41974518436912 ], [ 123.145800781249989, 45.44818756718162 ], [ 123.14990234375, 45.453876043744117 ], [ 123.1484375, 45.48688385624412 ], [ 123.14990234375, 45.49823639530662 ], [ 123.160546875000023, 45.519647528119116 ], [ 123.214746093750023, 45.56281159061912 ], [ 123.226464843750023, 45.57831452030662 ], [ 123.233154296875, 45.58454010624412 ], [ 123.242431640625, 45.58698151249412 ], [ 123.2451171875, 45.58905670780662 ], [ 123.248437500000023, 45.59393952030662 ], [ 123.251074218750034, 45.59967682499412 ], [ 123.252343750000023, 45.60443756718162 ], [ 123.2548828125, 45.608661199994117 ], [ 123.260937500000011, 45.60834381718162 ], [ 123.267968750000023, 45.60700104374412 ], [ 123.2734375, 45.60809967655662 ], [ 123.320556640625, 45.660028387494116 ], [ 123.328027343750023, 45.67267487186912 ], [ 123.337890625, 45.68146393436912 ], [ 123.40380859375, 45.69684479374412 ], [ 123.474853515625, 45.728534246869117 ], [ 123.51171875, 45.73688385624412 ], [ 123.651757812500023, 45.72308991093162 ], [ 123.683691406250034, 45.72418854374412 ], [ 123.727148437500034, 45.73114655155662 ], [ 123.748632812500034, 45.73163483280662 ], [ 123.766796875000011, 45.72418854374412 ], [ 123.783203125, 45.73114655155662 ], [ 123.799902343750034, 45.730585028119116 ], [ 123.835156250000011, 45.72418854374412 ] ], [ [ 124.087890625, 45.71784088749412 ], [ 124.037988281250023, 45.70990631718162 ] ] ] } },
{ "type": "Feature", "properties": { "dissolve": "366River", "scalerank": 6, "featurecla": "River", "name": "Songhua", "name_alt": "Sungari", "rivernum": 366, "note": null, "min_zoom": 5.0, "name_en": "Songhua", "min_label": 6.0, "ne_id": 1159118095, "label": "Songhua", "wikidataid": "Q210326", "name_ar": "نهر سونغوا", "name_bn": "সংহুয়া নদী", "name_de": "Songhua", "name_es": "Songhua", "name_fr": "Songhua", "name_el": "Σονγκούα", "name_hi": "सोंगहुआ", "name_hu": "Songhua", "name_id": "Songhua", "name_it": "Songhua", "name_ja": "松花江", "name_ko": "송화강", "name_nl": "Songhua", "name_pl": "Sungari", "name_pt": "Songhua", "name_ru": "Сунгари", "name_sv": "Songhua", "name_tr": "Songhua", "name_vi": "Tùng Hoa", "name_zh": "松花江", "name_fa": "سونگ هوا", "name_he": "סונגואה", "name_uk": "Сунгарі", "name_ur": "سانگ ہوا", "name_zht": "松花江" }, "geometry": { "type": "MultiLineString", "coordinates": [ [ [ 130.331933593750023, 46.834588934369116 ], [ 130.291259765625, 46.84943268436912 ], [ 130.27294921875, 46.849237371869116 ], [ 130.25244140625, 46.83771393436912 ], [ 130.233300781250023, 46.82391998905662 ], [ 130.217187500000023, 46.81867096561912 ], [ 130.199121093750023, 46.82025787968162 ], [ 130.152587890625, 46.83185455936912 ], [ 130.127636718750011, 46.83246491093162 ], [ 130.107031250000034, 46.82453034061912 ], [ 130.098535156250023, 46.80353424686912 ], [ 130.098535156250023, 46.78156159061912 ], [ 130.095458984375, 46.76850006718162 ], [ 130.08349609375, 46.76337311405662 ], [ 130.057519531250023, 46.76569244999412 ], [ 130.010937500000011, 46.775409246869117 ], [ 129.990332031250034, 46.77411530155662 ], [ 129.971923828125, 46.76227448124412 ], [ 129.967871093750034, 46.75263092655662 ], [ 129.9697265625, 46.72833893436912 ], [ 129.968847656250034, 46.717303778119117 ], [ 129.9638671875, 46.70844147343162 ], [ 129.921289062500023, 46.67475006718162 ], [ 129.915625, 46.66620514530662 ], [ 129.912841796875, 46.63934967655662 ], [ 129.91015625, 46.62995026249412 ], [ 129.90478515625, 46.62164948124412 ], [ 129.896240234375, 46.61115143436912 ], [ 129.888671875, 46.606219793744117 ], [ 129.858984375000034, 46.594354559369116 ], [ 129.848388671875, 46.587909246869117 ], [ 129.82470703125, 46.56647369999412 ], [ 129.782617187500023, 46.543963934369117 ], [ 129.693359375, 46.52179596561912 ], [ 129.65283203125, 46.50629303593162 ], [ 129.6375, 46.49591705936912 ], [ 129.604101562500034, 46.46515534061912 ], [ 129.58203125, 46.43939850468162 ], [ 129.569042968750011, 46.42011139530662 ], [ 129.564062500000034, 46.409442449994117 ], [ 129.561718750000011, 46.39777252811912 ], [ 129.564062500000034, 46.36847565311912 ], [ 129.55712890625, 46.34369537968162 ], [ 129.54638671875, 46.33478424686912 ], [ 129.53173828125, 46.329706121869116 ], [ 129.503173828125, 46.31110260624412 ], [ 129.467871093750034, 46.30573151249412 ], [ 129.45654296875, 46.29999420780662 ], [ 129.433837890625, 46.27912018436912 ], [ 129.395898437500023, 46.25922272343162 ], [ 129.389892578125, 46.25409577030662 ], [ 129.375683593750011, 46.22955963749412 ], [ 129.35498046875, 46.20465729374412 ], [ 129.323974609375, 46.14191315311912 ], [ 129.298828125, 46.070917059369116 ], [ 129.28662109375, 46.06000397343162 ], [ 129.27197265625, 46.05316803593162 ], [ 129.25439453125, 46.03729889530662 ], [ 129.198632812500023, 45.97089264530662 ], [ 129.165722656250011, 45.94379303593162 ], [ 129.090576171875, 45.90228912968162 ], [ 129.090576171875, 45.90973541874412 ], [ 129.073974609375, 45.90277741093162 ], [ 129.0341796875, 45.899530340619116 ], [ 129.016015625000023, 45.895526434369117 ], [ 129.007421875000034, 45.89057037968162 ], [ 128.990917968750011, 45.87860748905662 ], [ 128.98193359375, 45.87506744999412 ], [ 128.970117187500023, 45.87470123905662 ], [ 128.904394531250034, 45.89105866093162 ], [ 128.888427734375, 45.913348699994117 ], [ 128.878027343750034, 45.94049713749412 ], [ 128.8583984375, 45.964374090619117 ], [ 128.841210937500023, 45.97064850468162 ], [ 128.818945312500034, 45.972674871869117 ], [ 128.77587890625, 45.970575262494116 ], [ 128.75830078125, 45.96662018436912 ], [ 128.730371093750023, 45.95355866093162 ], [ 128.717382812500034, 45.95075104374412 ], [ 128.706152343750034, 45.94647858280662 ], [ 128.67333984375, 45.92767975468162 ], [ 128.65576171875, 45.92340729374412 ], [ 128.63916015625, 45.921405340619117 ], [ 128.621972656250023, 45.91620514530662 ], [ 128.5908203125, 45.90228912968162 ], [ 128.575878906250011, 45.909540106244116 ], [ 128.447509765625, 45.94391510624412 ], [ 128.3857421875, 45.974383856244117 ], [ 128.361425781250034, 45.978045965619117 ], [ 128.309667968750034, 45.97931549686912 ], [ 128.288281250000011, 45.97565338749412 ], [ 128.173828125, 45.924579168744117 ], [ 128.128320312500023, 45.916131903119116 ], [ 128.083740234375, 45.92340729374412 ], [ 128.061914062500023, 45.93121979374412 ], [ 128.03759765625, 45.936542059369117 ], [ 128.013427734375, 45.93610260624412 ], [ 127.967871093750034, 45.91705963749412 ], [ 127.943115234375, 45.91925690311912 ], [ 127.917675781250011, 45.92584869999412 ], [ 127.891992187500023, 45.92963287968162 ], [ 127.83740234375, 45.92340729374412 ], [ 127.825, 45.925409246869116 ], [ 127.797753906250023, 45.934442449994116 ], [ 127.785839843750011, 45.93646881718162 ], [ 127.770117187500034, 45.94464752811912 ], [ 127.763916015625, 45.959979559369117 ], [ 127.75390625, 45.96869537968162 ], [ 127.7275390625, 45.956903387494116 ], [ 127.718652343750023, 45.96625397343162 ], [ 127.714648437500045, 45.974237371869116 ], [ 127.711669921875, 45.98224518436912 ], [ 127.706347656250045, 45.991717840619117 ], [ 127.697363281250034, 46.00397369999412 ], [ 127.692285156250023, 46.00824616093162 ], [ 127.666015625, 46.01154205936912 ], [ 127.574609375000023, 46.040790106244117 ], [ 127.54931640625, 46.038836981244117 ], [ 127.539257812500011, 46.03046295780662 ], [ 127.535742187500034, 46.020379949994116 ], [ 127.53564453125, 45.997919012494116 ], [ 127.533105468750023, 45.99127838749412 ], [ 127.524023437500034, 45.980731512494117 ], [ 127.522070312500034, 45.97431061405662 ], [ 127.523681640625, 45.96881744999412 ], [ 127.52685546875, 45.963397528119117 ], [ 127.529296875, 45.957538153119117 ], [ 127.5283203125, 45.95075104374412 ], [ 127.511132812500023, 45.93402741093162 ], [ 127.484472656250034, 45.926385809369116 ], [ 127.384375, 45.91828034061912 ], [ 127.369873046875, 45.924676824994116 ], [ 127.364355468750034, 45.94733307499412 ], [ 127.35302734375, 45.960467840619117 ], [ 127.326757812500034, 45.969256903119117 ], [ 127.275, 45.978045965619117 ], [ 127.188867187500023, 45.976581121869117 ], [ 127.165722656250011, 45.981463934369117 ], [ 127.076416015625, 46.01837799686912 ], [ 127.031152343750023, 46.026874090619117 ], [ 126.983007812500034, 46.024042059369116 ], [ 126.935302734375, 46.013299871869116 ], [ 126.890722656250034, 45.997919012494116 ], [ 126.852636718750034, 45.975360418744117 ], [ 126.820556640625, 45.948260809369117 ], [ 126.7861328125, 45.92548248905662 ], [ 126.7412109375, 45.91596100468162 ], [ 126.7431640625, 45.898700262494117 ], [ 126.729101562500034, 45.88983795780662 ], [ 126.708984375, 45.88373444218162 ], [ 126.692773437500023, 45.87506744999412 ], [ 126.683203125000034, 45.85785553593162 ], [ 126.685791015625, 45.84406159061912 ], [ 126.69189453125, 45.83038971561912 ], [ 126.692773437500023, 45.81354401249412 ], [ 126.684960937500023, 45.801141668744116 ], [ 126.6708984375, 45.795038153119116 ], [ 126.637597656250023, 45.785663153119117 ], [ 126.593017578125, 45.75665924686912 ], [ 126.576074218750023, 45.75153229374412 ], [ 126.556396484375, 45.75397369999412 ], [ 126.504199218749989, 45.76764557499412 ], [ 126.49365234375, 45.768573309369117 ], [ 126.483984375000034, 45.75031159061912 ], [ 126.461181640625, 45.74017975468162 ], [ 126.395263671875, 45.72772858280662 ], [ 126.38525390625, 45.723504949994116 ], [ 126.377197265625, 45.71723053593162 ], [ 126.35888671875, 45.698358465619116 ], [ 126.355712890625, 45.69574616093162 ], [ 126.240234375, 45.69684479374412 ], [ 126.151123046875, 45.68146393436912 ], [ 126.109472656250034, 45.679315496869116 ], [ 126.069042968750011, 45.690692449994117 ], [ 126.046630859375, 45.701776434369116 ], [ 126.0380859375, 45.70343659061912 ], [ 126.024316406250023, 45.703729559369116 ], [ 126.015234375000034, 45.69940827030662 ], [ 126.003027343750034, 45.680682684369117 ], [ 125.997314453125, 45.676385809369116 ], [ 125.986914062500034, 45.67645905155662 ], [ 125.97119140625, 45.67487213749412 ], [ 125.959228515625, 45.668719793744117 ], [ 125.959716796875, 45.655292059369117 ], [ 125.966796875, 45.64960358280662 ], [ 125.986328125, 45.64398834843162 ], [ 125.993896484375, 45.63544342655662 ], [ 125.968359375000034, 45.62872955936912 ], [ 125.9462890625, 45.62848541874412 ], [ 125.930908203125, 45.622186590619116 ], [ 125.925097656249989, 45.59723541874412 ], [ 125.9267578125, 45.57782623905662 ], [ 125.923095703125, 45.56976959843162 ], [ 125.898339843750023, 45.56366608280662 ], [ 125.886962890625, 45.556512762494116 ], [ 125.870361328125, 45.53925202030662 ], [ 125.850341796875, 45.50482819218162 ], [ 125.842480468750011, 45.49823639530662 ], [ 125.832617187500034, 45.49884674686912 ], [ 125.810791015625, 45.509295965619117 ], [ 125.79833984375, 45.51190827030662 ], [ 125.722949218749989, 45.51764557499412 ], [ 125.699121093750023, 45.51190827030662 ], [ 125.687255859375, 45.51190827030662 ], [ 125.667675781250011, 45.505975653119116 ], [ 125.658105468750023, 45.50446198124412 ], [ 125.61865234375, 45.508075262494117 ], [ 125.603515625, 45.50446198124412 ], [ 125.542871093750023, 45.47589752811912 ], [ 125.52099609375, 45.47089264530662 ], [ 125.497460937500023, 45.47370026249412 ], [ 125.473535156250023, 45.48102448124412 ], [ 125.451074218750023, 45.48480866093162 ], [ 125.43212890625, 45.47711823124412 ], [ 125.42236328125, 45.461297918744116 ], [ 125.411035156250023, 45.424920965619116 ], [ 125.3974609375, 45.40888092655662 ], [ 125.37451171875, 45.39838287968162 ], [ 125.35595703125, 45.40058014530662 ], [ 125.321679687500023, 45.415643621869116 ], [ 125.30712890625, 45.416864324994116 ], [ 125.302441406250011, 45.41266510624412 ], [ 125.300683593750023, 45.40656159061912 ], [ 125.295019531250034, 45.40204498905662 ], [ 125.285449218749989, 45.40033600468162 ], [ 125.280517578125, 45.401483465619116 ], [ 125.27587890625, 45.40473053593162 ], [ 125.26708984375, 45.40888092655662 ], [ 125.248779296875, 45.41339752811912 ], [ 125.232519531250034, 45.413690496869116 ], [ 125.103125, 45.39520905155662 ], [ 125.088623046875, 45.38934967655662 ], [ 125.082617187500034, 45.386004949994117 ], [ 125.081640625000034, 45.38983795780662 ], [ 125.08203125, 45.40546295780662 ], [ 125.079687500000034, 45.41657135624412 ], [ 125.07373046875, 45.42304108280662 ], [ 125.05859375, 45.433124090619117 ], [ 125.047265625000023, 45.44489166874412 ], [ 125.04345703125, 45.451434637494117 ], [ 125.041796874999989, 45.47089264530662 ], [ 125.042089843750034, 45.48224518436912 ], [ 125.044042968750034, 45.48847077030662 ], [ 125.041406250000023, 45.49286530155662 ], [ 125.027587890625, 45.49823639530662 ], [ 124.979736328125, 45.493426824994117 ], [ 124.950878906250011, 45.49481842655662 ], [ 124.938085937500034, 45.508172918744116 ], [ 124.934667968750034, 45.51886627811912 ], [ 124.926367187500034, 45.527606512494117 ], [ 124.915283203125, 45.532733465619117 ], [ 124.903906250000034, 45.53241608280662 ], [ 124.897558593750034, 45.52716705936912 ], [ 124.89453125, 45.518670965619116 ], [ 124.890234375000034, 45.49823639530662 ], [ 124.8875, 45.49555084843162 ], [ 124.8828125, 45.49274323124412 ], [ 124.878662109375, 45.48834869999412 ], [ 124.876708984375, 45.480585028119116 ], [ 124.877832031250023, 45.474725653119116 ], [ 124.879980468750034, 45.47211334843162 ], [ 124.882421875000034, 45.470331121869116 ], [ 124.883398437500034, 45.46723053593162 ], [ 124.880273437500023, 45.45600006718162 ], [ 124.872167968750034, 45.448504949994117 ], [ 124.861083984375, 45.44428131718162 ], [ 124.849023437500023, 45.442987371869116 ], [ 124.825439453125, 45.445184637494116 ], [ 124.796484375000034, 45.45111725468162 ], [ 124.785546875000023, 45.45001862186912 ], [ 124.780371093750034, 45.450458074994117 ], [ 124.776123046875, 45.460565496869116 ], [ 124.771875, 45.46759674686912 ], [ 124.767333984375, 45.47089264530662 ], [ 124.755468750000034, 45.46808502811912 ], [ 124.734619140625, 45.453729559369116 ], [ 124.722363281250011, 45.450458074994117 ], [ 124.674560546875, 45.450458074994117 ] ], [ [ 130.330078125, 46.83722565311912 ], [ 130.339257812500023, 46.83356354374412 ], [ 130.347949218750045, 46.833514715619117 ], [ 130.405859375000034, 46.850946356244116 ], [ 130.45556640625, 46.85980866093162 ], [ 130.47802734375, 46.87018463749412 ], [ 130.488378906250034, 46.877069403119116 ], [ 130.497802734375, 46.88519928593162 ], [ 130.50341796875, 46.891376043744117 ], [ 130.50830078125, 46.89813873905662 ], [ 130.512304687500034, 46.905389715619116 ], [ 130.515234375000034, 46.91327545780662 ], [ 130.516796875000011, 46.920038153119116 ], [ 130.51806640625, 46.922870184369117 ], [ 130.519921875000023, 46.92584869999412 ], [ 130.52490234375, 46.93158600468162 ], [ 130.526757812500023, 46.93463776249412 ], [ 130.52783203125, 46.938495184369117 ], [ 130.529296875, 46.946795965619117 ], [ 130.52978515625, 46.98175690311912 ], [ 130.53125, 46.98688385624412 ], [ 130.533935546875, 46.991571356244116 ], [ 130.543104266667996, 47.0 ] ] ] } },
{ "type": "Feature", "properties": { "dissolve": "847River", "scalerank": 8, "featurecla": "River", "name": "Bikin", "name_alt": null, "rivernum": 847, "note": null, "min_zoom": 7.0, "name_en": "Bikin", "min_label": 8.0, "ne_id": 1159128087, "label": "Bikin", "wikidataid": "Q860113", "name_ar": "نهر بيكين", "name_bn": "বিকিন", "name_de": "Bikin", "name_es": "Bikin", "name_fr": "Bikine", "name_el": "Μπικίνι", "name_hi": "बिकीन", "name_hu": "Bikin", "name_id": "Bikin", "name_it": "Bikin", "name_ja": "ビキン川", "name_ko": "비키니", "name_nl": "Bikin", "name_pl": "Bikin", "name_pt": "Bikin", "name_ru": "Бикин", "name_sv": "Bikin", "name_tr": "Bikin", "name_vi": "Bikin", "name_zh": "比金河", "name_fa": "بیکین", "name_he": "ביקין", "name_uk": "Бікін", "name_ur": "بائکن", "name_zht": "比金河" }, "geometry": { "type": "LineString", "coordinates": [ [ 137.364239645218902, 47.0 ], [ 137.365625, 46.98529694218162 ], [ 137.3564453125, 46.92706940311912 ], [ 137.363037109375, 46.90289948124412 ], [ 137.3525390625, 46.885516668744117 ], [ 137.338964843750034, 46.87555573124412 ], [ 137.323632812500023, 46.86713287968162 ], [ 137.307861328125, 46.85443756718162 ], [ 137.285449218750045, 46.829217840619116 ], [ 137.271875, 46.81745026249412 ], [ 137.253808593750023, 46.806659246869117 ], [ 137.222363281250011, 46.79413483280662 ], [ 137.21533203125, 46.789911199994116 ], [ 137.205664062500034, 46.78034088749412 ], [ 137.203027343750023, 46.776141668744117 ], [ 137.205761718750011, 46.74884674686912 ], [ 137.210546875000034, 46.731463934369117 ], [ 137.211669921875, 46.72101471561912 ], [ 137.214453125000034, 46.71491119999412 ], [ 137.220800781250034, 46.71063873905662 ], [ 137.227783203125, 46.707391668744116 ], [ 137.232031250000034, 46.70429108280662 ], [ 137.240136718750023, 46.690301824994116 ], [ 137.238867187500034, 46.673211981244116 ], [ 137.235449218750034, 46.668085028119116 ], [ 137.21826171875, 46.653827215619117 ], [ 137.211669921875, 46.64960358280662 ], [ 137.061425781250023, 46.607440496869117 ], [ 137.04443359375, 46.60712311405662 ], [ 137.0234375, 46.61066315311912 ], [ 137.004296875000023, 46.610223699994116 ], [ 136.991796875000034, 46.59784577030662 ], [ 136.99951171875, 46.59320709843162 ], [ 137.00634765625, 46.58698151249412 ], [ 137.011132812500023, 46.57929108280662 ], [ 137.012939453125, 46.570575262494117 ], [ 137.00732421875, 46.56403229374412 ], [ 136.988476562500011, 46.563739324994117 ], [ 136.991796875000034, 46.556903387494117 ], [ 136.970703125, 46.54852936405662 ], [ 136.947167968750023, 46.532245184369117 ], [ 136.922753906250023, 46.52069733280662 ], [ 136.8994140625, 46.52643463749412 ], [ 136.877636718750011, 46.53742096561912 ], [ 136.747802734375, 46.570672918744116 ], [ 136.726953125000023, 46.581317449994117 ], [ 136.707910156250023, 46.613055731244117 ], [ 136.683203125000034, 46.61957428593162 ], [ 136.52587890625, 46.62457916874412 ], [ 136.43017578125, 46.64337799686912 ], [ 136.396484375, 46.655292059369117 ], [ 136.38232421875, 46.65766022343162 ], [ 136.340917968750034, 46.65668366093162 ], [ 136.330761718750011, 46.660760809369116 ], [ 136.313720703125, 46.67450592655662 ], [ 136.291894531250023, 46.687616278119116 ], [ 136.267968750000023, 46.69830963749412 ], [ 136.2451171875, 46.704852606244117 ], [ 136.144433593750023, 46.70502350468162 ], [ 136.118554687500023, 46.715692449994116 ], [ 136.0966796875, 46.729608465619116 ], [ 136.06298828125, 46.74396393436912 ], [ 136.028906250000034, 46.751727606244117 ], [ 136.0048828125, 46.74579498905662 ], [ 135.982177734375, 46.755145574994117 ], [ 135.96044921875, 46.749383856244116 ], [ 135.939697265625, 46.73859284061912 ], [ 135.919677734375, 46.73273346561912 ], [ 135.875683593750011, 46.72894928593162 ], [ 135.834375, 46.719110418744116 ], [ 135.79052734375, 46.70844147343162 ], [ 135.742431640625, 46.704852606244117 ], [ 135.71728515625, 46.711053778119116 ], [ 135.697509765625, 46.723895574994117 ], [ 135.676855468750034, 46.73407623905662 ], [ 135.649316406250023, 46.73273346561912 ], [ 135.642675781250034, 46.726825262494117 ], [ 135.6357421875, 46.716424871869116 ], [ 135.627050781250034, 46.706170965619116 ], [ 135.615234375, 46.70087311405662 ], [ 135.6025390625, 46.701044012494116 ], [ 135.572265625, 46.70673248905662 ], [ 135.560156250000034, 46.71112702030662 ], [ 135.534765625000034, 46.71491119999412 ], [ 135.509863281250034, 46.70636627811912 ], [ 135.487890625000034, 46.691522528119116 ], [ 135.454687500000034, 46.661493231244116 ], [ 135.448632812500023, 46.653827215619117 ], [ 135.443261718750023, 46.64215729374412 ], [ 135.44140625, 46.629754949994116 ], [ 135.442138671875, 46.618915106244117 ], [ 135.44091796875, 46.608514715619116 ], [ 135.433398437500045, 46.597772528119116 ], [ 135.3828125, 46.54767487186912 ], [ 135.361328125, 46.532977606244117 ], [ 135.310302734375, 46.51727936405662 ], [ 135.048437500000034, 46.570184637494116 ], [ 135.037207031250034, 46.56793854374412 ], [ 135.032470703125, 46.55683014530662 ], [ 135.026123046875, 46.549579168744117 ], [ 135.011816406250034, 46.549579168744117 ], [ 134.984619140625, 46.55341217655662 ], [ 134.965234375000023, 46.54572174686912 ], [ 134.929443359375, 46.523797918744116 ], [ 134.905517578125, 46.519305731244117 ], [ 134.87646484375, 46.52069733280662 ], [ 134.8525390625, 46.52472565311912 ], [ 134.806396484375, 46.53974030155662 ], [ 134.758496093750011, 46.54999420780662 ], [ 134.709570312500034, 46.549335028119117 ], [ 134.579199218750034, 46.523211981244117 ], [ 134.4560546875, 46.474872137494117 ], [ 134.444580078125, 46.47797272343162 ], [ 134.428955078125, 46.49201080936912 ], [ 134.424902343750034, 46.498553778119117 ], [ 134.4189453125, 46.513934637494117 ], [ 134.416015625, 46.519305731244117 ], [ 134.409912109375, 46.523456121869117 ], [ 134.394628906250034, 46.52948639530662 ], [ 134.389355468750011, 46.532977606244117 ], [ 134.39404296875, 46.54291412968162 ], [ 134.39306640625, 46.551629949994116 ], [ 134.38818359375, 46.55939362186912 ], [ 134.38134765625, 46.56647369999412 ], [ 134.366943359375, 46.574481512494117 ], [ 134.356347656250023, 46.572528387494117 ], [ 134.347753906250034, 46.56757233280662 ], [ 134.34033203125, 46.56647369999412 ], [ 134.327539062500023, 46.57929108280662 ], [ 134.331347656250045, 46.59577057499412 ], [ 134.35400390625, 46.629169012494117 ], [ 134.362060546875, 46.64996979374412 ], [ 134.3642578125, 46.669696356244117 ], [ 134.361425781250034, 46.711053778119116 ], [ 134.362060546875, 46.722528387494116 ], [ 134.36376953125, 46.73175690311912 ], [ 134.3642578125, 46.73908112186912 ], [ 134.361425781250034, 46.74518463749412 ], [ 134.348730468750034, 46.75287506718162 ], [ 134.337792968750023, 46.75079987186912 ], [ 134.326416015625, 46.745965887494116 ], [ 134.31298828125, 46.74518463749412 ], [ 134.296875, 46.75360748905662 ], [ 134.2509765625, 46.80048248905662 ], [ 134.22900390625, 46.81378815311912 ], [ 134.210058593750034, 46.81867096561912 ], [ 134.191162109375, 46.81769440311912 ], [ 134.11474609375, 46.79889557499412 ], [ 134.093847656250034, 46.80048248905662 ], [ 134.052978515625, 46.820917059369116 ], [ 134.047265625000023, 46.82855866093162 ], [ 134.039257812500011, 46.85443756718162 ] ] } },
{ "type": "Feature", "properties": { "dissolve": "611River", "scalerank": 7, "featurecla": "River", "name": "Ussuri", "name_alt": "Wusuli", "rivernum": 611, "note": null, "min_zoom": 6.0, "name_en": "Ussuri", "min_label": 7.0, "ne_id": 1159123537, "label": "Ussuri", "wikidataid": "Q207777", "name_ar": "نهر أوسوري", "name_bn": "উসুরি নদী", "name_de": "Ussuri", "name_es": "Ussuri", "name_fr": "Oussouri", "name_el": "Ουσούρι", "name_hi": "उसुरी", "name_hu": "Usszuri", "name_id": "Ussuri", "name_it": "Ussuri", "name_ja": "ウスリー川", "name_ko": "우수리강", "name_nl": "Oessoeri", "name_pl": "Ussuri", "name_pt": "Ussuri", "name_ru": "Уссури", "name_sv": "Ussuri", "name_tr": "Ussuri", "name_vi": "Ussuri", "name_zh": "乌苏里江", "name_fa": "رودخانه اوسوری", "name_he": "אוסורי", "name_uk": "Уссурі", "name_ur": "اوسوری", "name_zht": "烏蘇里江" }, "geometry": { "type": "LineString", "coordinates": [ [ 133.413183593750034, 45.573602606244116 ], [ 133.4248046875, 45.58063385624412 ], [ 133.414794921875, 45.60065338749412 ], [ 133.427343750000034, 45.61554596561912 ], [ 133.441699218750045, 45.620868231244117 ], [ 133.458105468750034, 45.62287018436912 ], [ 133.476953125000023, 45.62799713749412 ], [ 133.471435546875, 45.632684637494116 ], [ 133.4619140625, 45.64423248905662 ], [ 133.45654296875, 45.64911530155662 ], [ 133.482519531250034, 45.66315338749412 ], [ 133.4912109375, 45.67365143436912 ], [ 133.487597656250045, 45.68695709843162 ], [ 133.476464843750023, 45.69379303593162 ], [ 133.451269531250034, 45.69940827030662 ], [ 133.44287109375, 45.70990631718162 ], [ 133.470703125, 45.729120184369116 ], [ 133.484619140625, 45.76874420780662 ], [ 133.510937500000011, 45.778827215619117 ], [ 133.503173828125, 45.78790924686912 ], [ 133.4833984375, 45.796893621869117 ], [ 133.476953125000023, 45.80609772343162 ], [ 133.47705078125, 45.820331121869117 ], [ 133.484619140625, 45.82868073124412 ], [ 133.49365234375, 45.83356354374412 ], [ 133.498046875, 45.83746979374412 ], [ 133.502343750000023, 45.862323309369117 ], [ 133.514062500000023, 45.87946198124412 ], [ 133.53125, 45.888446356244117 ], [ 133.552001953125, 45.888690496869117 ], [ 133.558837890625, 45.885516668744117 ], [ 133.563867187500023, 45.88080475468162 ], [ 133.56982421875, 45.87665436405662 ], [ 133.579296875000011, 45.87506744999412 ], [ 133.585693359375, 45.876581121869116 ], [ 133.585693359375, 45.88007233280662 ], [ 133.584228515625, 45.884393621869116 ], [ 133.586181640625, 45.888690496869117 ], [ 133.602783203125, 45.89887116093162 ], [ 133.605859375000023, 45.90534088749412 ], [ 133.606640625000011, 45.919696356244117 ], [ 133.609765625000023, 45.92999909061912 ], [ 133.617431640625, 45.936542059369117 ], [ 133.627539062500034, 45.93805573124412 ], [ 133.649511718750034, 45.928094793744116 ], [ 133.657812500000034, 45.93475983280662 ], [ 133.694433593750034, 46.02301666874412 ], [ 133.7197265625, 46.06403229374412 ], [ 133.718994140625, 46.07953522343162 ], [ 133.695996093750011, 46.115252996869117 ], [ 133.68701171875, 46.14203522343162 ], [ 133.698437500000011, 46.149286199994116 ], [ 133.7197265625, 46.15045807499412 ], [ 133.74072265625, 46.159295965619116 ], [ 133.765722656250034, 46.178241278119117 ], [ 133.774804687500023, 46.186883856244116 ], [ 133.781347656250034, 46.19696686405662 ], [ 133.786230468750034, 46.206903387494116 ], [ 133.793212890625, 46.21454498905662 ], [ 133.805908203125, 46.217645574994116 ], [ 133.812890625000023, 46.21442291874412 ], [ 133.820996093750011, 46.20038483280662 ], [ 133.829833984375, 46.197137762494116 ], [ 133.836328125000023, 46.200702215619117 ], [ 133.8525390625, 46.21771881718162 ], [ 133.860449218750034, 46.22382233280662 ], [ 133.854882812500023, 46.23688385624412 ], [ 133.869335937500011, 46.244745184369116 ], [ 133.8896484375, 46.25104401249412 ], [ 133.902148437500045, 46.25922272343162 ], [ 133.901757812500023, 46.278338934369117 ], [ 133.893847656250045, 46.29157135624412 ], [ 133.893457031250023, 46.302118231244116 ], [ 133.915722656250011, 46.313251043744117 ], [ 133.906640625000023, 46.32269928593162 ], [ 133.89599609375, 46.327508856244116 ], [ 133.884863281250034, 46.32684967655662 ], [ 133.874121093750034, 46.32001373905662 ], [ 133.86328125, 46.33954498905662 ], [ 133.880615234375, 46.35394928593162 ], [ 133.925683593750023, 46.37152741093162 ], [ 133.93359375, 46.390985418744116 ], [ 133.921142578125, 46.410419012494117 ], [ 133.89990234375, 46.42682526249412 ], [ 133.881591796875, 46.437372137494116 ], [ 133.870214843750034, 46.44074127811912 ], [ 133.861328125, 46.441278387494116 ], [ 133.85400390625, 46.44489166874412 ], [ 133.847363281250011, 46.45722077030662 ], [ 133.845458984375, 46.47089264530662 ], [ 133.849023437500023, 46.48053619999412 ], [ 133.8916015625, 46.529169012494116 ], [ 133.89599609375, 46.53851959843162 ], [ 133.898681640625, 46.56354401249412 ], [ 133.902148437500045, 46.57391998905662 ], [ 133.920117187500011, 46.59064362186912 ], [ 133.967187500000023, 46.611444403119116 ], [ 133.987695312500023, 46.62543366093162 ], [ 134.005078125000011, 46.64606354374412 ], [ 134.014355468750011, 46.66522858280662 ], [ 134.025634765625, 46.711053778119116 ], [ 134.04150390625, 46.75299713749412 ], [ 134.044335937500023, 46.77228424686912 ], [ 134.035546875000023, 46.789911199994116 ], [ 134.021240234375, 46.806415106244117 ], [ 134.016357421875, 46.819696356244116 ], [ 134.020263671875, 46.83429596561912 ], [ 134.0625, 46.907098699994116 ], [ 134.066503906250034, 46.92706940311912 ], [ 134.066503906250034, 46.968036199994117 ], [ 134.06875, 46.981463934369117 ], [ 134.073974609375, 46.988397528119116 ], [ 134.08056640625, 46.992938543744117 ], [ 134.087011718750034, 46.99909088749412 ], [ 134.087442330497993, 47.0 ] ] } },
{ "type": "Feature", "properties": { "dissolve": "846River", "scalerank": 8, "featurecla": "River", "name": "Chaor", "name_alt": null, "rivernum": 846, "note": null, "min_zoom": 7.0, "name_en": "Chaor", "min_label": 8.0, "ne_id": 1159128079, "label": "Chaor", "wikidataid": null, "name_ar": "تشاور", "name_bn": "শাওর", "name_de": "Nenjiang", "name_es": "Chaor", "name_fr": "Chaor River", "name_el": "Χαόρ", "name_hi": "चाओर", "name_hu": "Chaor", "name_id": "Chaor", "name_it": "Chaor", "name_ja": "トール川", "name_ko": "차오르", "name_nl": "Chaor", "name_pl": "Chuo’er", "name_pt": "Chaor", "name_ru": "река Таоэрхэ", "name_sv": "Chaor", "name_tr": "Chaor", "name_vi": "Sông Chaor", "name_zh": "绰尔河", "name_fa": "چائور", "name_he": "צ'אור", "name_uk": "Чаор", "name_ur": "چاؤر", "name_zht": "查爾河" }, "geometry": { "type": "LineString", "coordinates": [ [ 123.345494918274738, 47.0 ], [ 123.39306640625, 46.97345612186912 ], [ 123.428613281250023, 46.96137116093162 ], [ 123.452392578125, 46.957879949994116 ], [ 123.491943359375, 46.957391668744116 ], [ 123.50732421875, 46.95526764530662 ], [ 123.519140625000034, 46.95001862186912 ] ] } },
{ "type": "Feature", "properties": { "dissolve": "940River", "scalerank": 8, "featurecla": "River", "name": "Nen", "name_alt": null, "rivernum": 940, "note": null, "min_zoom": 7.0, "name_en": "Nen", "min_label": 8.0, "ne_id": 1159128761, "label": "Nen", "wikidataid": "Q866875", "name_ar": "نين", "name_bn": "নেন", "name_de": "Nen", "name_es": "Nen", "name_fr": "Nen", "name_el": "Νεν", "name_hi": "नेनो", "name_hu": "Nen", "name_id": "Nen", "name_it": "Nen", "name_ja": "嫩江", "name_ko": "눈강", "name_nl": "Nen", "name_pl": "Nen", "name_pt": "Nen", "name_ru": "Нэньцзян", "name_sv": "Nenjiang", "name_tr": "Nen", "name_vi": "Nộn Giang", "name_zh": "嫩江", "name_fa": "نِن", "name_he": "נֶן", "name_uk": "Нуньцзян", "name_ur": "نین", "name_zht": "嫩江" }, "geometry": { "type": "LineString", "coordinates": [ [ 123.556295612042987, 47.0 ], [ 123.512939453125, 46.937030340619117 ], [ 123.472949218749989, 46.857538153119116 ], [ 123.4658203125, 46.834588934369116 ] ] } }
]
}
